{"stats":{"minecraft:broken":{"constructionwand:diamond_wand":4,"constructionwand:iron_wand":1},"minecraft:used":{"minecraft:moss_block":426,"minecraft:dispenser":4,"trashcans:item_trash_can":8,"allthecompressed:blackstone_1x":1722,"rftoolspower:coalgenerator":5,"projecte:dm_pedestal":1,"projecte:alchemical_chest":1,"minecraft:stone":132,"projecte:dm_pick":3,"ars_caelum:ritual_conjure_island_village":2,"fluxnetworks:flux_plug":1,"minecraft:snowball":7,"mekanism:basic_energy_cube":1,"ae2:quantum_ring":28,"minecraft:lava_bucket":3,"ars_nouveau:ritual_brazier":4,"framedblocks:framed_panel":3,"summoningrituals:altar":7,"minecraft:bow":18,"minecraft:oak_sapling":114,"tiab:time_in_a_bottle":263,"minecraft:blackstone":4,"ae2:facade":57,"minecraft:golden_apple":1,"ae2:speed_card":53,"utilitix:mob_yoinker":11,"industrialforegoing:enchantment_extractor":2,"sophisticatedstorage:chest":3,"alltheores:aluminum_ore":338,"botania:pure_daisy":2,"minecraft:smithing_table":1,"minecraft:birch_log":63,"exmachinis:flux_sieve":1,"ars_nouveau:archwood_stairs":2,"minecraft:oak_trapdoor":135,"create:schematic_table":1,"minecraft:carved_pumpkin":3,"exdeorum:compressed_diamond_hammer":1722,"ae2:me_p2p_tunnel":1,"ae2:export_bus":20,"rechiseled:cobblestone_worn_stripes_connecting":99,"ae2:annihilation_plane":7,"minecraft:torch":14,"mekanism:ultimate_fluid_tank":1,"minecraft:chipped_anvil":1,"integrateddynamics:menril_sapling":8,"minecraft:iron_block":9,"sophisticatedstorage:diamond_chest":1,"constructionwand:diamond_wand":1353,"mekanism:elite_fluid_tank":1,"sophisticatedbackpacks:gold_backpack":19,"ae2:tiny_tnt":1,"minecraft:gold_ore":2575,"minecraft:white_bed":1,"minecraft:spruce_log":3,"industrialforegoing:latex_bucket":2,"mekanism:creative_energy_cube":1,"minecraft:diamond_pickaxe":7195,"mekanism:atomic_disassembler":64063,"ae2:cable_pattern_provider":4,"ars_nouveau:arcane_pedestal":3,"minecraft:spruce_trapdoor":52,"pipez:universal_pipe":32,"minecraft:enchanted_book":3,"sophisticatedstorage:iron_chest":13,"minecraft:stripped_oak_log":19,"industrialforegoing:processing_addon_2":83,"minecraft:blue_terracotta":2,"mekanism:free_runners_armored":1,"ae2:brown_smart_cable":9,"industrialforegoing:ore_laser_base":9,"plonk:placed_items":2,"ae2:brown_covered_dense_cable":21,"mekanism:configuration_card":20,"mekanismtools:diamond_paxel":1864,"minecraft:obsidian":6,"industrialforegoing:efficiency_addon_1":22,"minecraft:golden_sword":6,"silentgear:paxel":912,"mysticalagriculture:wand":1,"minecraft:dark_oak_sapling":82,"integratedtunnels:part_interface_item":1,"minecraft:stone_pickaxe":17,"minecraft:oak_planks":33,"sophisticatedstorage:diamond_to_netherite_tier_upgrade":2,"integrateddynamics:menril_log":1,"minecraft:sugar_cane":8,"minecraft:crossbow":10,"apotheosis:augmenting_table":1,"enderio:primitive_alloy_smelter":1,"minecraft:end_stone":138,"mekanism:superheating_element":1,"waystones:waystone":4,"mekanism:crusher":2,"minecraft:lever":8,"torchmaster:dreadlamp":4,"minecraft:barrier":1,"minecraft:bread":8,"mekanism:metallurgic_infuser":2,"exmachinis:flux_hammer":2,"rechiseled:cobblestone_pillar_connecting":253,"functionalstorage:oak_1":1,"exdeorum:compressed_stone_hammer":727,"minecraft:chain":2,"minecraft:smooth_stone_slab":14,"minecraft:coarse_dirt":2,"minecraft:bone_meal":6,"cookingforblockheads:sink":4,"mekanism:advanced_tier_installer":1,"mekanism:enrichment_chamber":4,"ae2:brown_covered_cable":176,"ae2:condenser":1,"minecraft:flint_and_steel":12,"mekanism:configurator":307,"minecraft:redstone":7,"thermal:device_rock_gen":2,"minecraft:cooked_chicken":1,"bloodmagic:alchemytable":1,"minecraft:dirt":10495,"cobblefordays:tier_5":1,"minecraft:oak_stairs":31,"ars_nouveau:imbuement_chamber":12,"torchmaster:feral_flare_lantern":18,"ars_nouveau:arcane_platform":23,"minecraft:cooked_beef":273,"allthemodium:unobtainium_helmet":2,"forbidden_arcanus:zombie_arm":1,"minecraft:pumpkin":9,"immersiveengineering:cloche":2,"exdeorum:compressed_iron_hammer":1387,"allthemodium:unobtainium_axe":391,"minecraft:snow_block":15,"fluxnetworks:flux_point":24,"industrialforegoing:speed_addon_2":108,"ars_nouveau:sconce":2,"industrialforegoing:latex_processing_unit":3,"rechiseled:cobblestone_large_squares":918,"exdeorum:dust":3468,"bloodmagic:arcaneashes":2,"mekanism:ultimate_enriching_factory":8,"minecraft:stone_axe":75,"enderio:alloy_smelter":1,"minecraft:end_crystal":4,"rechiseled:diorite_bricks_connecting":70,"mekanism:ultimate_tier_installer":1,"minecraft:chest":17,"mekanism:digital_miner":1,"industrialforegoing:range_addon11":13,"industrialforegoing:mob_slaughter_factory":3,"constructionwand:iron_wand":17,"ae2:import_bus":37,"mekanism:ultimate_smelting_factory":13,"alltheores:lead_ore":1163,"mekanism:advanced_mechanical_pipe":137,"ars_nouveau:sky_block":3,"constructionwand:infinity_wand":737,"minecraft:grass_block":2,"minecraft:copper_ore":337,"minecraft:furnace":1,"ae2:blue_smart_cable":4,"powah:energy_cable_starter":3,"minecraft:egg":3,"mekanism:advanced_universal_cable":95,"botania:white_mystical_flower":1,"industrialforegoing:laser_drill":187,"minecraft:emerald_ore":1,"minecraft:diorite":1,"ars_nouveau:blue_archwood_sapling":1,"ae2:brown_smart_dense_cable":2,"ae2:storage_bus":2,"minecraft:oak_leaves":5,"minecraft:sand":1554,"mekanism:elite_universal_cable":250,"minecraft:pumpkin_seeds":1,"ae2:controller":1,"minecraft:lectern":5,"industrialforegoing:dissolution_chamber":4,"sophisticatedstorage:diamond_barrel":2,"powah:energizing_orb":1,"powah:energizing_rod_starter":6,"tombstone:scroll_of_frost_resistance":10,"ars_nouveau:archwood_slab":1,"minecraft:netherrack":1,"minecraft:anvil":9,"alltheores:silver_ore":487,"mekanism:purification_chamber":1,"apotheosis:gem_cutting_table":1,"minecraft:smooth_quartz":2,"integrateddynamics:cable":1,"alltheores:tin_ore":584,"mekanism:upgrade_energy":60,"tombstone:gift":11,"minecraft:cobbled_deepslate":4,"exdeorum:oak_sieve":30,"minecraft:water_bucket":51,"powah:energy_cell_basic":1,"ae2:wireless_access_point":1,"rechiseled:blackstone_diagonal_bricks_connecting":856,"ae2:quantum_link":3,"minecraft:oak_slab":33,"minecraft:crafting_table":1,"endertanks:ender_tank":8,"botania:apothecary_default":1,"powah:player_transmitter_nitro":1,"minecraft:cake":2,"minecraft:oak_log":467,"mekanism:induction_casing":7,"allthecompressed:sand_1x":241,"allthecompressed:gravel_1x":248,"ae2:fluix_glass_cable":82,"minecraft:cobblestone":10695,"projecte:condenser_mk1":2,"allthemodium:unobtainium_leggings":1,"rechiseled:oak_planks_bricks":1,"minecraft:iron_shovel":1,"rechiseled:oak_planks_large_tiles_connecting":143,"minecraft:diamond_hoe":1,"minecraft:iron_sword":83,"allthecompressed:cobblestone_1x":1813,"mekanism:basic_mechanical_pipe":5,"cookingforblockheads:spice_rack":1,"mekanism:basic_universal_cable":3,"sophisticatedbackpacks:diamond_backpack":3,"minecraft:glass":205,"mekanismgenerators:wind_generator":19,"mekanism:basic_tier_installer":1,"minecraft:stone_bricks":254,"minecraft:repeater":4,"minecraft:magma_block":1,"minecraft:hay_block":4,"apotheosis:salvaging_table":12,"mekanism:ultimate_mechanical_pipe":31,"framedblocks:framed_door":1,"industrialforegoing:fluid_extractor":41,"ars_nouveau:ritual_wilden_summon":1,"alltheores:nickel_ore":731,"botania:fertilizer":128,"ae2:pattern_provider":2,"minecraft:shears":1957,"exdeorum:oak_barrel":5,"mekanism:elite_tier_installer":1,"industrialforegoing:block_placer":18,"mekanism:upgrade_speed":54,"minecraft:gravel":7368,"apotheosis:reforging_table":1,"croptopia:toast":1,"mekanism:ultimate_logistical_transporter":138,"minecraft:chainmail_boots":1,"bloodmagic:altar":2,"projecte:rm_axe":7,"minecraft:oak_fence":7,"create:clipboard":22,"minecraft:spyglass":74,"minecraft:hopper":56,"expatternprovider:wireless_connect":9,"alltheores:osmium_ore":327,"rechiseled:cobblestone_worn_stripes":2,"minecraft:stone_brick_slab":760,"minecraft:bookshelf":55,"projecte:dm_furnace":1,"ae2:processing_pattern":1,"connectedglass:borderless_glass":89,"ars_caelum:ritual_conjure_island_sculk":1,"rechiseled:cobblestone_paving_connecting":1318,"rechiseled:diorite_bricks":14,"exdeorum:porcelain_crucible":2,"industrialforegoing:mob_crusher":19,"minecraft:emerald_block":1,"waystones:warp_plate":2,"minecraft:iron_ore":1310,"bloodmagic:life_essence_bucket":2,"mekanism:ultimate_induction_cell":1,"mekanism:ultimate_universal_cable":63,"ironfurnaces:allthemodium_furnace":1,"powah:player_transmitter_basic":2,"allthemodium:unobtainium_boots":2,"minecraft:cobblestone_slab":5785,"minecraft:terracotta":38,"exdeorum:crushed_blackstone":1512,"create:schematicannon":1,"ae2:formation_plane":3,"ars_nouveau:sourcestone":2,"tombstone:bag_of_seeds":4,"ars_nouveau:source_jar":19,"ars_nouveau:volcanic_sourcelink":9,"mekanism:elite_energy_cube":1,"industrialforegoing:efficiency_addon_2":64,"alltheores:zinc_ore":387,"minecraft:bucket":31,"integratedterminals:part_terminal_storage":1,"minecraft:chainmail_leggings":1},"minecraft:dropped":{"minecraft:iron_sword":17,"exdeorum:crushed_blackstone":20202,"create:empty_schematic":1,"minecraft:chorus_fruit":91,"minecraft:lapis_lazuli":20224,"alltheores:aluminum_ore":226458,"minecraft:diamond":64,"pickletweaks:flint_shears":6,"minecraft:dark_oak_slab":27,"mekanism:elite_universal_cable":1,"mekanismtools:bronze_boots":1,"everlastingabilities:ability_totem":4,"minecraft:emerald":35507,"ae2:printed_logic_processor":68,"industrialforegoing:range_addon2":1,"exmachinis:flux_sieve":1,"biggerreactors:graphite_ingot":6,"alltheores:raw_aluminum_block":3,"minecraft:dark_oak_fence":109,"minecraft:black_stained_glass_pane":113,"mekanismtools:refined_obsidian_boots":1,"minecraft:gold_nugget":558,"minecraft:sand":64,"mysticalagriculture:redstone_essence":116,"apotheosis:mythic_material":640,"minecraft:ancient_debris":114,"minecraft:lever":2,"minecraft:obsidian":56,"minecraft:wheat":64,"minecraft:rotten_flesh":650,"rechiseled:blackstone_diagonal_bricks_connecting":19,"minecraft:oak_planks":140,"fluxnetworks:flux_point":2,"forbidden_arcanus:zombie_arm":2,"mysticalagriculture:inferium_essence":685,"apotheosis:gem":5,"minecraft:leather_boots":5,"alltheores:iridium_dust":1728,"minecraft:leather_leggings":3,"reliquary:catalyzing_gland":1,"minecraft:glass":22,"minecraft:stone_brick_stairs":424,"mekanismtools:steel_chestplate":1,"reliquary:zombie_heart":115,"minecraft:golden_boots":5,"xycraft_world:xychorium_gem_green":42,"reliquary:molten_core":1,"minecraft:smooth_quartz_stairs":256,"minecraft:book":3,"mekanismtools:lapis_lazuli_chestplate":1,"croptopia:cranberry_seed":1,"angelring:energetic_angel_ring":1,"mekanismtools:bronze_leggings":1,"everlastingabilities:ability_bottle":1,"pneumaticcraft:pressure_tube":8,"alltheores:zinc_dust":1728,"angelring:angel_ring":1,"minecraft:chainmail_leggings":15,"reliquary:rib_bone":2,"minecraft:stone_brick_slab":190,"alltheores:copper_dust":832,"pneumaticcraft:compressed_iron_chestplate":1,"minecraft:iron_boots":8,"minecraft:diamond_sword":1,"mekanismtools:steel_sword":1,"alltheores:osmium_dust":6,"minecraft:spruce_trapdoor":140,"minecraft:bundle":11,"minecraft:spruce_planks":721,"minecraft:diamond_pickaxe":4,"cookingforblockheads:spice_rack":1,"thermal:phytogro":267,"minecraft:stone_bricks":512,"minecraft:barrel":1,"sophisticatedbackpacks:copper_backpack":7,"minecraft:bow":50,"farmersdelight:diamond_knife":1,"minecraft:terracotta":2,"alltheores:raw_silver":3692,"minecraft:ender_pearl":4,"bloodmagic:slate_vial":1,"apotheosis:salvaging_table":1,"mekanism:atomic_disassembler":1,"minecraft:leather":10,"alltheores:lead_dust":1728,"tombstone:bag_of_seeds":1,"constructionwand:diamond_wand":1,"alltheores:raw_uranium":28581,"minecraft:gold_ingot":759,"xycraft_world:xychorium_gem_light":33,"mekanism:yellow_cake_uranium":23591,"ae2:annihilation_plane":1,"ae2:charged_certus_quartz_crystal":524,"minecraft:trident":10,"minecraft:stone_brick_wall":47,"silentgear:leather_scrap":16,"minecraft:iron_ore":37056,"croptopia:tea_seed":3,"cookingforblockheads:sink":1,"productivebees:end_stone_nest":1,"mekanismtools:osmium_boots":3,"draconicevolution:draconium_dust":187,"allthecompressed:cobblestone_1x":1,"ae2:sky_stone_block":832,"cobblefordays:tier_1":1,"apotheosis:epic_material":256,"create:schematicannon":1,"alltheores:gold_dust":42502,"alltheores:raw_lead":65686,"mekanismtools:steel_helmet":2,"mysticalagriculture:prosperity_shard":277,"mekanism:basic_fluid_tank":1,"thermal:sulfur":55136,"wstweaks:fragment":9,"alltheores:iron_dust":1208,"minecraft:blue_terracotta":125,"create:schematic_table":1,"minecraft:oak_trapdoor":128,"alltheores:raw_osmium":71040,"alltheores:osmium_ore":8005,"minecraft:stripped_oak_log":4,"fluxnetworks:flux_plug":1,"mekanism:basic_mechanical_pipe":2,"mekanism:gauge_dropper":1,"minecraft:copper_ore":366405,"powah:energizing_rod_nitro":1,"exdeorum:nickel_ore_chunk":64,"forcecraft:force_gem":564,"allthemodium:raw_unobtainium":6,"mekanismtools:bronze_chestplate":1,"minecraft:andesite":61,"minecraft:golden_leggings":5,"ae2:wireless_crafting_terminal":2,"mekanismtools:refined_glowstone_leggings":2,"minecraft:spruce_log":154,"croptopia:pepper_seed":1,"minecraft:magma_cream":138,"sophisticatedbackpacks:iron_backpack":4,"ae2:speed_card":11,"mekanismtools:refined_glowstone_chestplate":1,"mekanism:mekasuit_helmet":1,"minecraft:cooked_beef":13,"minecraft:emerald_ore":21089,"powah:energizing_rod_niotic":1,"integrateddynamics:menril_berries":1,"minecraft:crossbow":14,"endertanks:ender_tank":1,"minecraft:leather_helmet":1,"sophisticatedbackpacks:gold_backpack":1,"minecraft:dirt":564,"alltheores:raw_zinc_block":10,"ironjetpacks:jetpack":1,"alltheores:raw_tin":472,"minecraft:iron_pickaxe":12,"mekanism:fluorite_ore":153,"minecraft:bone":55,"minecraft:sugar_cane":1,"minecraft:golden_chestplate":3,"mekanism:mekasuit_boots":1,"minecraft:lime_dye":18,"minecraft:end_stone":37026,"mekanismtools:refined_obsidian_helmet":1,"alltheores:nickel_ingot":35648,"minecraft:hopper":4,"minecraft:ladder":108,"sophisticatedstorage:stack_upgrade_tier_4":1,"forbidden_arcanus:arcane_crystal":128,"thermal:rf_coil_augment":1,"minecraft:ghast_tear":11,"minecraft:enchanted_book":1,"minecraft:iron_ingot":641,"sophisticatedstorage:iron_chest":4,"minecraft:barrier":1,"minecraft:feather":3,"minecraft:iron_helmet":17,"minecraft:cobblestone":377,"ae2:singularity":1,"pneumaticcraft:compressed_iron_leggings":3,"minecraft:granite":147,"ae2:brown_covered_cable":1,"minecraft:spruce_door":62,"exdeorum:iron_mesh":11,"alltheores:uranium_dust":1948,"minecraft:chainmail_helmet":12,"minecraft:coal":575,"alltheores:uranium_ingot":1,"croptopia:grape_seed":3,"allthemodium:unobtainium_axe":1,"pneumaticcraft:compressed_iron_helmet":1,"alltheores:raw_aluminum":61398,"minecraft:paper":10,"minecraft:string":11,"minecraft:iron_shovel":10,"apotheosis:uncommon_material":320,"alltheores:silver_dust":1024,"mekanism:mekasuit_pants":1,"alltheores:nickel_dust":1792,"silentgear:raw_azure_silver":105,"rechiseled:cobblestone_paving_connecting":1145,"minecraft:smooth_stone_slab":6,"forbidden_arcanus:ender_pearl_fragment":2,"minecraft:diamond_hoe":1,"mekanism:ultimate_pressurized_tube":31,"minecraft:chicken":3,"projecte:repair_talisman":2,"minecraft:spruce_fence":195,"xycraft_world:xychorium_gem_red":64,"minecraft:cobblestone_slab":406,"supplementaries:quiver":3,"minecraft:stone":193,"silentgear:paxel":3,"mekanism:superheating_element":3,"exdeorum:blackstone_pebble":5646,"ae2:certus_quartz_crystal":50,"minecraft:gold_ore":32061,"minecraft:dark_oak_stairs":356,"alltheores:raw_nickel":46110,"alltheores:raw_zinc":31546,"integratedterminals:part_terminal_storage":1,"reliquary:chelicerae":1,"ars_nouveau:red_archwood_log":138,"rechiseled:cobblestone_worn_stripes_connecting":1,"botania:white_petal":6,"ftbquests:book":2,"minecraft:gravel":70,"minecraft:blackstone":5,"ironfurnaces:gold_furnace":1,"rechiseled:cobblestone_pillar_connecting":168,"mekanism:mekasuit_bodyarmor":1,"exdeorum:compressed_iron_hammer":1,"minecraft:carrot":1,"minecraft:chainmail_chestplate":8,"supplementaries:ash":4,"minecraft:turtle_helmet":13,"megacells:sky_steel_ingot":20,"minecraft:gunpowder":219,"minecraft:chainmail_boots":11,"minecraft:arrow":378,"mekanismtools:osmium_leggings":1,"immersiveengineering:seed":4,"forcecraft:recovery_heart":1,"minecraft:water_bucket":1,"minecraft:oak_slab":237,"thermal:device_rock_gen":1,"minecraft:diamond_leggings":2,"minecraft:lead":15,"mekanismtools:bronze_shovel":1,"mekanismtools:steel_boots":2,"forcecraft:pile_of_gunpowder":36,"alltheores:raw_tin_block":10,"minecraft:copper_ingot":61346,"rechiseled:diorite_bricks_connecting":64,"minecraft:stick":3,"exmachinis:flux_hammer":1,"minecraft:diorite":685,"minecraft:torch":10,"ae2:silicon":36,"minecraft:smooth_quartz":256,"tombstone:grave_dust":21,"minecraft:iron_leggings":12,"alltheores:lead_ingot":5184,"minecraft:iron_axe":8,"pneumaticcraft:compressed_iron_boots":2,"mekanismtools:refined_glowstone_boots":2,"mekanismtools:bronze_helmet":4,"minecraft:bucket":2,"minecraft:dandelion":9,"industrialforegoing:mob_slaughter_factory":1,"minecraft:redstone":3776,"mekanismtools:diamond_paxel":1,"minecraft:raw_copper":1152,"mekanism:configurator":1,"minecraft:raw_iron":34027,"ae2:logic_processor_press":1,"mekanismtools:osmium_chestplate":4,"minecraft:shield":11,"minecraft:diamond_chestplate":1,"minecraft:iron_chestplate":13,"apotheosis:rare_material":192,"mekanism:basic_pressurized_tube":4,"minecraft:golden_sword":110,"minecraft:diamond_boots":2,"thermal:bell_pepper_seeds":2,"alltheores:lead_ore":29760,"minecraft:raw_gold":133497},"minecraft:killed":{"minecraft:iron_golem":1,"minecraft:zombie":224,"minecraft:snow_golem":1,"minecraft:zombified_piglin":70,"minecraft:witch":4,"minecraft:spider":23,"minecraft:bee":1,"minecraft:piglin_brute":1,"minecraft:piglin":46,"minecraft:zombie_villager":8,"minecraft:sheep":3,"minecraft:trader_llama":59,"minecraft:ghast":25,"minecraft:hoglin":1,"ars_nouveau:whirlisprig":1,"minecraft:wither_skeleton":10,"minecraft:villager":2,"minecraft:shulker":1,"minecraft:skeleton":172,"minecraft:chicken":5,"minecraft:magma_cube":32,"minecraft:cow":5,"ars_nouveau:starbuncle":1,"minecraft:wandering_trader":25,"ars_nouveau:wilden_guardian":3,"minecraft:enderman":52,"minecraft:pig":5,"minecraft:creeper":156,"minecraft:blaze":27,"minecraft:phantom":11,"forcecraft:creeper_tot":1,"minecraft:bat":1,"ars_nouveau:wilden_stalker":2},"minecraft:picked_up":{"mysticalagradditions:nether_star_shard":6,"minecraft:lead":161,"botania:black_double_flower":2,"minecraft:enchanted_book":7,"rechiseled:oak_planks_bricks":611,"xycraft_world:xychorium_storage_green":5,"exdeorum:stone_hammer":1,"sophisticatedstorage:stack_upgrade_tier_4":3,"alltheores:platinum_ingot":2357,"projecte:dm_furnace":1,"minecraft:polished_deepslate":186,"minecraft:string":412,"apotheosis:epic_material":209,"industrialforegoing:laser_lens5":6,"minecraft:diamond_leggings":1,"alltheores:nickel_ingot":13440,"exdeorum:random_armor_trim":18,"alltheores:lead_ingot":23891,"wstweaks:fragment":1,"apotheosis:rare_material":212,"projecte:alchemical_coal_block":1,"powah:energizing_orb":1,"alltheores:diamond_gear":27,"minecraft:big_dripleaf":54,"mysticalagriculture:prosperity_shard":335,"minecraft:purpur_pillar":3,"powah:book":2,"bloodmagic:life_essence_bucket":3,"sophisticatedstorage:stack_upgrade_tier_2":1,"minecraft:golden_chestplate":1,"bloodmagic:arcaneashes":1,"thermal:apatite":241,"botania:white_mystical_flower":31,"minecraft:orange_bed":1,"botania:manasteel_ingot":2,"ars_nouveau:arcane_core":2,"ars_nouveau:imbuement_chamber":4,"minecraft:carved_pumpkin":3,"minecraft:glowstone":1608,"supplementaries:quiver":2,"alltheores:silver_ingot":50821,"ars_nouveau:sourceberry_bush":3,"supplementaries:ash":25,"hostilenetworks:data_model":1,"minecraft:blaze_rod":180,"minecraft:iron_bars":381,"minecraft:snowball":410,"silentgear:paxel":2,"minecraft:feather":3,"minecraft:cooked_beef":32,"industrialforegoing:range_addon2":1,"minecraft:water_bucket":2,"mekanism:fluorite_ore":153,"integrateddynamics:crystalized_menril_chunk":35,"minecraft:flint":1138,"ars_elemental:yellow_archwood_sapling":44,"chemlib:sulfur":864,"trashcans:item_trash_can":2,"exdeorum:nickel_ore_chunk":713,"ae2:quantum_entangled_singularity":4,"botania:white_double_flower":1,"mekanism:alloy_reinforced":545,"powah:blazing_crystal_block":14,"industrialforegoing:efficiency_addon_2":25,"ae2:fluix_glass_cable":33,"sophisticatedstorage:chest":3,"alltheores:lead_dust":1728,"apotheosis:mythic_material":576,"botania:red_mystical_flower":26,"mekanism:mekasuit_boots":1,"patchouli:guide_book":2,"sophisticatedbackpacks:iron_backpack":4,"powah:thermo_generator_spirited":2,"alltheores:osmium_ore":7884,"thermal:device_rock_gen":1,"cookingforblockheads:spice_rack":1,"exdeorum:diamond_mesh":10,"minecraft:blue_terracotta":127,"mekanism:induction_casing":448,"minecraft:lever":4,"minecraft:granite":147,"mekanism:advanced_mechanical_pipe":39,"ars_nouveau:sky_block":25,"ae2:silicon":36,"minecraft:diamond_pickaxe":2,"croptopia:toast":6,"exdeorum:gold_ore_chunk":566,"ars_nouveau:red_archwood_log":98,"sophisticatedbackpacks:gold_backpack":14,"alltheores:osmium_ingot":53958,"minecraft:clay_ball":6,"minecraft:leather_leggings":1,"exdeorum:granite_pebble":1,"mekanism:mekasuit_helmet":1,"minecraft:iron_shovel":1,"minecraft:glass_pane":7,"botania:pure_daisy":4,"exdeorum:zinc_ore_chunk":545,"rechiseled:cobblestone_worn_stripes_connecting":10,"minecraft:jungle_sapling":56,"minecraft:poppy":3,"minecraft:birch_sapling":41,"croptopia:scrambled_eggs":1,"minecraft:diamond_hoe":1,"ars_nouveau:fire_essence":88,"minecraft:copper_ore":133259,"minecraft:stone":1338,"ars_nouveau:air_essence":55,"ae2:cable_pattern_provider":2,"sophisticatedbackpacks:backpack":1,"endertanks:ender_tank":4,"ironjetpacks:jetpack":1,"mekanism:crusher":1,"minecraft:hay_block":2,"exdeorum:andesite_pebble":1,"alltheores:iron_dust":1307,"sophisticatedbackpacks:copper_backpack":3,"forcecraft:claw":1,"minecraft:emerald_ore":6689,"rftoolspower:coalgenerator":4,"forbidden_arcanus:dark_nether_star":1,"botania:red_petal":3,"industrialforegoing:mob_crusher":3,"minecraft:spawner":2,"industrialforegoing:dryrubber":90,"powah:energy_cell_basic":1,"minecraft:apple":12,"ars_nouveau:archwood_stairs":167,"exdeorum:stone_pebble":794,"minecraft:spore_blossom":35,"thermal:machine_speed_augment":6,"minecraft:iron_ore":37164,"tombstone:bag_of_seeds":1,"allthemodium:vibranium_ingot":24,"apotheosis:gem_dust":2,"minecraft:dark_oak_stairs":300,"exdeorum:deepslate_pebble":339,"botania:purple_petal":3,"mekanism:ultimate_smelting_factory":3,"exdeorum:lead_ore_chunk":623,"allthecompressed:gravel_1x":2,"alltheores:zinc_ore":61,"forcecraft:recovery_heart":8,"silentgear:raw_azure_silver":137,"minecraft:leather_helmet":1,"xycraft_world:xychorium_storage_red":5,"ae2:export_bus":1,"ars_nouveau:volcanic_sourcelink":6,"cookingforblockheads:sink":2,"exdeorum:aluminum_ore_chunk":519,"immersiveengineering:seed":5,"mekanism:advanced_universal_cable":24,"thermal:turbo_servo_attachment":1,"botania:orange_mystical_flower":18,"industrialforegoing:dissolution_chamber":1,"botania:brown_mystical_flower":32,"minecraft:hopper":10,"constructionwand:diamond_wand":1,"projecte:alchemical_chest":1,"thermal:machine_frame":3,"minecraft:stone_brick_stairs":352,"ironfurnaces:allthemodium_furnace":1,"framedblocks:framed_panel":6,"alltheores:silver_ore":62,"thermal:sulfur":55395,"reliquary:zombie_heart":3,"minecraft:bucket":2,"mekanism:ultimate_mechanical_pipe":8,"minecraft:cobblestone_slab":2062,"minecraft:azalea":47,"minecraft:iron_pickaxe":3,"minecraft:smooth_quartz":153,"mekanism:configurator":1,"minecraft:smooth_quartz_stairs":158,"silentgear:netherwood_stick":2,"botania:cyan_double_flower":1,"minecraft:diorite":716,"ars_nouveau:arcane_platform":10,"rechiseled:cobblestone_pillar_connecting":192,"fluxnetworks:flux_plug":1,"mekanism:ultimate_universal_cable":14,"torchmaster:dreadlamp":2,"minecraft:rotten_flesh":256,"botania:light_gray_mystical_flower":41,"summoningrituals:altar":5,"ae2:quantum_link":3,"alltheores:osmium_dust":6,"minecraft:obsidian":5458,"minecraft:blaze_powder":266,"minecraft:cobblestone":1766,"exdeorum:crook":1,"exdeorum:osmium_ore_chunk":477,"occultism:datura_seeds":2,"minecraft:leather_chestplate":1,"exdeorum:basalt_pebble":15,"ars_nouveau:archwood_door":3,"minecraft:andesite":61,"minecraft:potato":51,"minecraft:dirt":6314,"xycraft_world:xychorium_storage_dark":5,"alltheores:raw_tin":2054,"minecraft:glass":14,"minecraft:bone":164,"powah:energizing_rod_spirited":1,"botania:cyan_mystical_flower":24,"minecraft:bow":7,"minecraft:wheat_seeds":179,"ars_nouveau:magelight_torch":1,"mekanism:pellet_antimatter":6,"botania:pink_mystical_flower":25,"minecraft:small_dripleaf":81,"industrialforegoing:laser_drill":67,"botania:purple_mystical_flower":30,"everlastingabilities:ability_totem":10,"forcecraft:pile_of_gunpowder":57,"minecraft:fletching_table":2,"alltheores:tin_ore":86,"minecraft:bamboo":12,"ars_caelum:ritual_conjure_island_sculk":1,"ae2:wireless_access_point":1,"mekanism:mekasuit_bodyarmor":1,"forbidden_arcanus:growing_edelwood":52,"ars_nouveau:archwood_fence":10,"minecraft:black_stained_glass_pane":113,"ars_nouveau:sourcestone":350,"mekanism:basic_control_circuit":512,"alltheores:raw_nickel":1482,"xycraft_world:xychorium_gem_light":230,"minecraft:sugar":19,"waystones:waystone":2,"alltheores:raw_aluminum":1206,"minecraft:crossbow":1,"minecraft:bone_meal":414,"mekanism:advanced_control_circuit":303,"exdeorum:crimson_nylium_spores":21,"minecraft:emerald":1484,"powah:capacitor_nitro":3,"minecraft:netherrack":2,"minecraft:chorus_fruit":91,"minecraft:oak_leaves":2879,"farmingforblockheads:market":1,"fluxnetworks:flux_dust":1955,"minecraft:azure_bluet":1,"botania:brown_double_flower":1,"minecraft:ladder":106,"industrialforegoing:fluid_extractor":4,"apotheosis:salvaging_table":10,"minecraft:stone_brick_wall":47,"ars_nouveau:blue_archwood_sapling":28,"create:schematic_table":1,"tempad:he_who_remains_tempad":1,"mysticalagriculture:redstone_essence":58,"minecraft:chain":1,"exdeorum:oak_barrel":6,"minecraft:shield":2,"farmersdelight:diamond_knife":1,"waystones:bound_scroll":3,"minecraft:oak_trapdoor":129,"botania:magenta_mystical_flower":23,"minecraft:blackstone":10,"alltheores:aluminum_ore":112268,"sophisticatedstorage:iron_chest":5,"minecraft:end_stone":38988,"botania:lime_double_flower":1,"minecraft:trident":2,"industrialforegoing:block_placer":16,"ae2:speed_card":46,"projecte:aeternalis_fuel_block":3,"ae2:certus_quartz_dust":317,"ae2:import_bus":8,"exdeorum:diorite_pebble":20,"ae2:annihilation_plane":4,"xycraft_world:xychorium_storage_light":5,"alltheores:lead_ore":29829,"thermal:fluid_duct":6,"minecraft:basalt":16,"minecraft:leather":47,"minecraft:chainmail_chestplate":3,"alltheores:zinc_dust":1728,"minecraft:yellow_bed":2,"minecraft:gunpowder":829,"powah:energy_cable_starter":3,"productivebees:end_stone_nest":1,"alltheores:uranium_dust":3899,"botania:black_mystical_flower":19,"mekanism:enrichment_chamber":2,"mekanism:salt":490,"ae2:sky_dust":331,"simplemagnets:basicmagnet":1,"exdeorum:oak_sieve":19,"minecraft:iron_ingot":787,"minecraft:emerald_block":1,"mekanism:ultimate_pressurized_tube":57,"minecraft:stone_brick_slab":360,"minecraft:dandelion":15,"ae2:facade":1,"alltheores:raw_uranium":587,"minecraft:amethyst_shard":486,"rechiseled:diorite_bricks_connecting":64,"mekanismtools:diamond_paxel":1,"botania:white_petal":2,"minecraft:spruce_door":62,"ironfurnaces:augment_blasting":1,"mekanismgenerators:wind_generator":5,"ars_nouveau:wilden_spike":1,"minecraft:pumpkin_seeds":34,"alltheores:iron_gear":3,"minecraft:chainmail_leggings":2,"mekanism:fluorite_gem":17625,"silentgear:sword_blueprint":1,"minecraft:cherry_sapling":56,"rechiseled:blackstone_diagonal_bricks_connecting":89,"integratedterminals:part_terminal_storage":1,"alltheores:copper_ore_hammer":1,"alltheores:raw_aluminum_block":3,"minecraft:iron_chestplate":2,"reliquary:mob_charm_belt":2,"torchmaster:feral_flare_lantern":2,"exdeorum:dust":2294,"minecraft:chainmail_boots":1,"minecraft:flower_pot":1,"minecraft:anvil":3,"minecraft:prismarine_shard":128,"alltheores:iridium_dust":1728,"alltheores:copper_dust":858,"minecraft:oak_stairs":10,"mekanism:gauge_dropper":1,"create:wrench":2,"exdeorum:iron_ore_chunk":931,"sophisticatedstorage:stack_upgrade_tier_5":2,"chemlib:graphite":227,"minecraft:golden_sword":11,"botania:light_blue_double_flower":2,"exdeorum:grass_seeds":32,"sophisticatedstorage:diamond_barrel":2,"botania:light_gray_double_flower":1,"minecraft:cobbled_deepslate":8,"enderio:vibrant_alloy_ingot":98,"mysticalagriculture:inferium_essence":713,"minecraft:gold_nugget":95,"mekanism:basic_universal_cable":1,"minecraft:spruce_planks":721,"integrateddynamics:menril_sapling":63,"minecraft:enchanted_golden_apple":1,"minecraft:coal_block":128,"alltheores:raw_tin_block":17,"integrateddynamics:cable":3,"projecte:dark_matter":2,"allthemodium:allthemodium_ingot":24,"angelring:energetic_angel_ring":1,"angelring:angel_ring":1,"create:schematic_and_quill":3,"botania:orange_double_flower":3,"silentgear:rod":1,"botania:livingrock":80,"minecraft:iron_block":5,"biggerreactors:graphite_ingot":6,"botania:blue_double_flower":1,"alltheores:gold_dust":42502,"thermal:gunpowder_block":112,"enderio:grains_of_infinity":369,"minecraft:magenta_bed":1,"ae2:charged_certus_quartz_crystal":154,"minecraft:chipped_anvil":1,"ftbquests:book":2,"minecraft:glowstone_dust":360,"minecraft:moss_block":1,"enderio:dark_steel_ingot":3,"alltheores:nickel_ore":61,"exdeorum:crushed_blackstone":18650,"mekanism:metallurgic_infuser":1,"botania:gray_double_flower":2,"xycraft_world:xychorium_gem_red":187,"exmachinis:flux_hammer":1,"botania:pink_double_flower":2,"ae2:certus_quartz_crystal":119,"mekanism:ultimate_induction_cell":1,"rechiseled:oak_planks_large_tiles":19,"minecraft:barrel":2,"xycraft_world:xychorium_gem_dark":1313,"rechiseled:cobblestone_paving_connecting":1156,"minecraft:bundle":2,"mekanism:basic_mechanical_pipe":4,"utilitix:mob_yoinker":1,"minecraft:dispenser":1,"rechiseled:oak_planks_large_tiles_connecting":36,"powah:crystal_nitro":7,"thermal:eggplant_seeds":1,"exdeorum:copper_ore_chunk":513,"minecraft:bread":2,"minecraft:chainmail_helmet":1,"chemlib:potassium_nitrate":198,"minecraft:dark_oak_fence":109,"alltheores:steel_ingot":2,"minecraft:coarse_dirt":1,"minecraft:crafting_table":31,"alltheores:silver_dust":1408,"mekanism:alloy_infused":878,"rechiseled:cobblestone_large_squares":4,"mekanism:ingot_refined_obsidian":132,"alltheores:nickel_dust":1792,"ars_nouveau:archwood_slab":4,"powah:energizing_rod_starter":3,"minecraft:netherite_scrap":2,"industrialforegoing:mob_slaughter_factory":3,"alltheores:constantan_ingot":7,"powah:crystal_spirited":7,"integrateddynamics:menril_berries":110,"exdeorum:iron_mesh":17,"minecraft:beef":9,"silentgear:sword_blade":1,"minecraft:iron_nugget":266,"exdeorum:compressed_stone_hammer":1,"allthecompressed:cobblestone_1x":85,"minecraft:chest":5,"ars_nouveau:magebloom_block":11,"minecraft:egg":8,"alltheores:raw_zinc":1353,"minecraft:spruce_fence":195,"mekanism:elite_universal_cable":59,"minecraft:carrot":63,"minecraft:redstone":3144,"minecraft:prismarine_crystals":128,"integratedterminals:menril_glass":1,"ars_nouveau:green_archwood_log":273,"minecraft:tnt":1,"exdeorum:silk_worm":3,"ae2:wireless_crafting_terminal":2,"alltheores:enderium_ingot":1,"immersiveengineering:cloche":1,"allthemodium:raw_unobtainium":6,"ae2:controller":1,"mekanism:ultimate_logistical_transporter":16,"ironfurnaces:gold_furnace":1,"projecte:dm_pedestal":1,"minecraft:diamond_boots":1,"botania:blue_mystical_flower":22,"everlastingabilities:ability_bottle":1,"minecraft:gold_ingot":845,"tombstone:essence_of_undeath":1,"alltheores:raw_osmium":795,"minecraft:glow_berries":153,"botania:green_mystical_flower":24,"minecraft:white_wool":1,"rechiseled:cobblestone_pulverized":118,"minecraft:stripped_oak_log":19,"forcecraft:force_gem":474,"botania:green_double_flower":3,"exdeorum:compressed_iron_hammer":1,"minecraft:oak_log":4802,"minecraft:ancient_debris":25,"minecraft:golden_boots":2,"tombstone:gift":2,"minecraft:stone_bricks":1472,"minecraft:kelp":54,"ars_nouveau:water_essence":135,"enderio:wood_gear":5,"minecraft:iron_sword":6,"allthecompressed:sand_1x":1,"minecraft:dark_oak_slab":27,"ars_nouveau:source_jar":10,"minecraft:gravel":12443,"alltheores:uranium_ingot":12157,"minecraft:spruce_sapling":50,"mekanism:atomic_disassembler":2,"minecraft:spruce_log":156,"ars_nouveau:sconce":15,"exdeorum:silver_ore_chunk":661,"botania:red_double_flower":2,"forbidden_arcanus:arcane_crystal":208,"mekanism:sps_port":3,"mekanismtools:osmium_boots":2,"minecraft:stone_axe":1,"alltheores:raw_silver":3959,"minecraft:melon_seeds":3,"minecraft:mangrove_propagule":46,"minecraft:ender_pearl":686,"silentgear:katana":1,"exdeorum:mycelium_spores":300,"mysticalagradditions:insanium_essence":21,"ironfurnaces:augment_factory":1,"silentgear:sinew":2,"minecraft:raw_copper":2313,"integrateddynamics:menril_log":228,"minecraft:smooth_stone_slab":7,"minecraft:iron_leggings":3,"minecraft:netherite_ingot":100,"bloodmagic:altar":1,"minecraft:sea_pickle":30,"allthemodium:allthemodium_block":1,"draconicevolution:draconium_dust":242,"xycraft_world:xychorium_gem_green":1591,"minecraft:iron_boots":4,"minecraft:furnace":31,"botania:lexicon":1,"minecraft:stick":480,"apotheosis:gem":10,"mekanismgenerators:fission_reactor_port":11,"minecraft:oak_fence":1,"minecraft:torch":24,"botania:yellow_mystical_flower":30,"mekanism:mekasuit_pants":1,"silentgear:katana_blueprint":1,"minecraft:porkchop":3,"minecraft:pointed_dripstone":29,"tombstone:grave_dust":33,"create:schematicannon":1,"ae2:sky_stone_block":1092,"minecraft:cactus":106,"silentgear:leather_scrap":10,"exdeorum:tin_ore_chunk":698,"occultism:datura":2,"thermal:energy_duct":63,"minecraft:magma_cream":172,"thermal:phytogro":267,"industrialforegoing:mob_imprisonment_tool":2,"ars_nouveau:earth_essence":57,"minecraft:lapis_lazuli":763,"thermal:rf_coil":12,"thermal:upgrade_augment_1":2,"thermal:rf_coil_augment":1,"minecraft:leather_boots":1,"ae2:quantum_ring":28,"ars_nouveau:source_gem":114,"minecraft:raw_gold":47352,"dankstorage:dank_3":2,"ae2:logic_processor_press":1,"alltheores:tin_ingot":4716,"ars_nouveau:ritual_brazier":3,"minecraft:oak_planks":199,"botania:gray_mystical_flower":21,"ae2:storage_bus":3,"thermal:bell_pepper_seeds":1,"botania:yellow_double_flower":1,"alltheores:raw_lead":2095,"mekanismtools:osmium_chestplate":2,"integratedtunnels:part_interface_item":3,"minecraft:sand":2147,"minecraft:dead_bush":54,"ae2:brown_covered_dense_cable":3,"forbidden_arcanus:ender_pearl_fragment":39,"mekanism:digital_miner":1,"minecraft:clay":1149,"minecraft:diamond":4027,"cobblefordays:tier_2":1,"industrialforegoing:enchantment_extractor":1,"minecraft:oak_sapling":197,"minecraft:end_stone_bricks":54,"functionalstorage:oak_1":2,"minecraft:chicken":4,"minecraft:turtle_helmet":1,"thermal:machine_output_augment":1,"thermal:cinnabar":214,"minecraft:dragon_breath":64,"megacells:sky_steel_ingot":1769,"exdeorum:blackstone_pebble":5217,"ars_nouveau:archwood_planks":53,"industrialforegoing:speed_addon_2":25,"reliquary:chelicerae":1,"sophisticatedstorage:barrel":1,"minecraft:lectern":4,"minecraft:sugar_cane":96,"minecraft:spruce_trapdoor":142,"minecraft:phantom_membrane":482,"minecraft:dark_oak_sapling":50,"minecraft:raw_iron":20240,"mekanism:basic_pressurized_tube":4,"forbidden_arcanus:bat_wing":1,"mekanism:creative_energy_cube":1,"exdeorum:porcelain_crucible":1,"rechiseled:diorite_bricks":13,"minecraft:copper_ingot":678,"ars_nouveau:purple_archwood_sapling":5,"ars_nouveau:blue_archwood_log":119,"mekanism:basic_energy_cube":1,"minecraft:arrow":915,"botania:lime_mystical_flower":22,"xycraft_world:xychorium_gem_blue":208,"powah:wrench":2,"ae2:printed_logic_processor":68,"exdeorum:crushed_netherrack":64,"botania:magenta_double_flower":2,"create:empty_schematic":1,"mekanism:advanced_logistical_transporter":1,"minecraft:air":0,"allthemodium:unobtainium_axe":1,"bloodmagic:slate_vial":1,"ironfurnaces:upgrade_iron":1,"botania:light_blue_mystical_flower":31,"fluxnetworks:flux_point":14,"alltheores:raw_zinc_block":10,"ars_nouveau:green_archwood_sapling":15,"industrialforegoing:latex_processing_unit":1,"industrialforegoing:processing_addon_2":25,"minecraft:acacia_sapling":47,"minecraft:book":168,"mekanism:yellow_cake_uranium":23591,"minecraft:oak_slab":239,"alltheores:signalum_ingot":8,"minecraft:pumpkin":1,"ars_nouveau:red_archwood_sapling":4,"apotheosis:uncommon_material":374,"mekanism:basic_thermodynamic_conductor":20,"minecraft:gold_ore":32038,"industrialforegoing:ore_laser_base":2,"minecraft:spider_eye":5,"thermal:rice_seeds":2,"mekanismtools:refined_obsidian_helmet":2,"exdeorum:warped_nylium_spores":24,"mekanismtools:osmium_leggings":1,"ae2:brown_covered_cable":16,"thermal:redstone_servo":4,"minecraft:campfire":1,"minecraft:iron_helmet":3,"tombstone:magic_scroll":8,"xycraft_world:xychorium_storage_blue":5,"minecraft:coal":961,"ae2:cell_component_16k":2},"minecraft:custom":{"minecraft:interact_with_crafting_table":132,"minecraft:play_time":3046921,"minecraft:deaths":31,"minecraft:jump":8152,"tombstone:undead_killed":495,"minecraft:inspect_dispenser":2,"minecraft:horse_one_cm":1830,"minecraft:interact_with_anvil":44,"minecraft:inspect_hopper":114,"tombstone:raider_killed":15,"minecraft:time_since_rest":46639,"minecraft:open_chest":1261,"minecraft:damage_resisted":0,"minecraft:talked_to_villager":207,"tombstone:villager_killed":30,"minecraft:items_inserted":975765,"minecraft:damage_dealt_resisted":2675,"minecraft:damage_taken":32453,"minecraft:aviate_one_cm":49632,"minecraft:open_barrel":436,"minecraft:eat_cake_slice":1,"minecraft:leave_game":29,"minecraft:time_since_death":47022,"minecraft:interact_with_furnace":305,"minecraft:traded_with_villager":541,"minecraft:sleep_in_bed":22,"minecraft:waystone_activated":10,"minecraft:damage_dealt":135968,"minecraft:interact_with_smithing_table":32,"minecraft:damage_dealt_absorbed":243,"minecraft:sneak_time":67548,"minecraft:total_world_time":3046921,"minecraft:items_extracted":178507,"minecraft:use_wand":38453,"tombstone:cast_on_ally":1,"minecraft:fly_one_cm":17670337,"minecraft:fall_one_cm":1893126,"lootr:looted_stat":8,"minecraft:sprint_one_cm":1652643,"minecraft:drop":25398,"minecraft:walk_on_water_one_cm":8070,"minecraft:open_enderchest":2,"minecraft:player_kills":8,"minecraft:crouch_one_cm":238375,"minecraft:mob_kills":2758,"minecraft:climb_one_cm":31988,"minecraft:walk_one_cm":4561362,"minecraft:walk_under_water_one_cm":9625,"minecraft:damage_absorbed":315},"minecraft:killed_by":{"minecraft:warden":2,"minecraft:skeleton":1,"minecraft:piglin_brute":1,"minecraft:player":19,"minecraft:enderman":1},"minecraft:mined":{"plonk:placed_items":1,"mysticalagradditions:end_prosperity_ore":114,"powah:energizing_orb":1,"minecraft:granite":22,"integrateddynamics:menril_log":177,"botania:light_gray_mystical_flower":41,"minecraft:spawner":10,"minecraft:polished_blackstone_bricks":384,"allthecompressed:sand_1x":241,"minecraft:magma_block":1,"botania:purple_mystical_flower":30,"minecraft:cobbled_deepslate":3,"minecraft:fire":49,"minecraft:fletching_table":2,"industrialforegoing:dissolution_chamber":1,"ars_nouveau:archwood_slab":32,"minecraft:potted_dandelion":2,"alltheores:nickel_ore":715,"minecraft:orange_bed":2,"ars_nouveau:light_block":2,"mekanism:enrichment_chamber":2,"exmachinis:flux_hammer":1,"powah:energy_cell_basic":1,"minecraft:torch":12,"sophisticatedstorage:diamond_chest":1,"minecraft:sugar_cane":46,"cookingforblockheads:spice_rack":1,"minecraft:chain":1,"minecraft:repeater":4,"alchemistry:dissolver":1,"minecraft:magenta_bed":2,"alltheores:tin_ore":565,"ae2:wireless_access_point":1,"minecraft:grass":266,"industrialforegoing:mob_slaughter_factory":3,"minecraft:dark_oak_sapling":2,"minecraft:smooth_quartz":35,"integrateddynamics:menril_leaves":318,"silentgear:azure_silver_ore":145,"minecraft:deepslate":45,"sophisticatedstorage:iron_chest":13,"minecraft:dark_oak_log":752,"minecraft:end_stone":41715,"ars_nouveau:magebloom_block":33,"industrialforegoing:fluid_extractor":9,"botania:magenta_mystical_flower":23,"minecraft:cobblestone_slab":3344,"rechiseled:diorite_bricks_connecting":69,"alltheores:silver_ore":460,"alltheores:end_zinc_ore":548,"minecraft:ender_chest":1,"alltheores:raw_zinc_block":13,"minecraft:oak_slab":2,"mekanism:ultimate_induction_cell":1,"botania:lime_mystical_flower":24,"minecraft:glass_pane":25,"minecraft:dandelion":20,"minecraft:purpur_pillar":3,"minecraft:tall_grass":56,"minecraft:copper_ore":337,"ars_nouveau:source_jar":12,"alltheores:raw_tin_block":17,"minecraft:diorite":104,"bloodmagic:altar":1,"minecraft:coarse_dirt":1,"sophisticatedstorage:barrel":1,"summoningrituals:altar":5,"powah:energy_cable_starter":3,"botania:white_mystical_flower":31,"minecraft:gravel":19,"minecraft:stone_bricks":113,"minecraft:chipped_anvil":1,"minecraft:gold_ore":2574,"ae2:cable_bus":181,"alltheores:raw_aluminum_block":3,"minecraft:oak_sapling":1,"minecraft:spruce_trapdoor":52,"sophisticatedbackpacks:iron_backpack":2,"thermal:device_rock_gen":2,"minecraft:cracked_polished_blackstone_bricks":66,"ars_nouveau:arcane_core":2,"mekanism:digital_miner":1,"botania:lime_double_flower":1,"industrialforegoing:ore_laser_base":5,"sophisticatedstorage:chest":1,"ars_nouveau:red_archwood_log":152,"exdeorum:oak_sieve":23,"projecte:dm_furnace":1,"rechiseled:cobblestone_paving_connecting":1292,"sophisticatedbackpacks:copper_backpack":1,"ars_nouveau:ritual_brazier":4,"mekanism:induction_casing":7,"fluxnetworks:flux_point":19,"industrialforegoing:laser_drill":67,"create:schematicannon":1,"endertanks:ender_tank":5,"botania:green_double_flower":3,"alltheores:end_silver_ore":44,"minecraft:oak_planks":93,"minecraft:blue_terracotta":2,"cobblefordays:tier_2":1,"ae2:quantum_link":3,"minecraft:smooth_stone_slab":14,"minecraft:oak_log":824,"botania:gray_double_flower":2,"minecraft:dirt":1933,"minecraft:dispenser":4,"framedblocks:framed_slab":16,"allthecompressed:blackstone_1x":1722,"framedblocks:framed_panel":4,"ae2:condenser":1,"alltheores:zinc_ore":387,"immersiveengineering:cloche":1,"mekanism:ultimate_enriching_factory":2,"minecraft:lever":6,"botania:brown_double_flower":1,"ae2:inscriber":1,"ironfurnaces:allthemodium_furnace":1,"alltheores:end_nickel_ore":144,"ars_nouveau:volcanic_sourcelink":6,"minecraft:hay_block":4,"mekanism:ultimate_universal_cable":32,"rftoolspower:coalgenerator":4,"minecraft:gold_block":12,"minecraft:bookshelf":55,"bloodmagic:alchemyarray":1,"botania:pure_daisy":1,"minecraft:stripped_oak_log":20,"botania:light_blue_double_flower":2,"mekanism:elite_universal_cable":61,"ars_nouveau:arcane_platform":11,"ars_nouveau:green_archwood_log":219,"minecraft:snow_block":1,"minecraft:basalt":56,"minecraft:oak_fence":1,"productivebees:end_stone_nest":1,"allthemodium:unobtainium_ore":31,"industrialforegoing:mob_crusher":15,"ars_nouveau:sconce":26,"botania:pink_mystical_flower":25,"botania:cyan_mystical_flower":24,"botania:red_double_flower":2,"cookingforblockheads:sink":4,"alltheores:end_aluminum_ore":110,"botania:red_mystical_flower":26,"minecraft:obsidian":118,"minecraft:carved_pumpkin":3,"rechiseled:cobblestone_large_squares":22,"minecraft:deepslate_bricks":13,"torchmaster:feral_flare_lantern":5,"botania:black_double_flower":2,"minecraft:hopper":50,"minecraft:oxeye_daisy":2,"minecraft:pumpkin":1,"rechiseled:cobblestone_pulverized":118,"powah:energizing_rod_starter":2,"minecraft:dirt_path":2,"minecraft:oak_stairs":11,"mekanism:ultimate_smelting_factory":6,"botania:brown_mystical_flower":32,"minecraft:iron_block":5,"botania:light_blue_mystical_flower":31,"botania:green_mystical_flower":24,"ars_nouveau:archwood_stairs":381,"mysticalagradditions:end_inferium_ore":139,"rechiseled:diorite_bricks":15,"minecraft:glass":8,"botania:black_mystical_flower":19,"mekanism:advanced_logistical_transporter":1,"alltheores:end_tin_ore":432,"minecraft:stone_brick_stairs":2,"exdeorum:oak_barrel":2,"allthecompressed:cobblestone_1x":1751,"botania:orange_double_flower":3,"alltheores:osmium_ore":317,"minecraft:stripped_birch_log":2,"functionalstorage:oak_1":1,"minecraft:nether_bricks":385,"botania:cyan_double_flower":1,"ars_nouveau:archwood_fence":60,"minecraft:moss_block":1,"rechiseled:oak_planks_large_tiles_connecting":40,"minecraft:snow":379,"mekanism:ultimate_mechanical_pipe":19,"alltheores:lead_ore":1162,"mekanism:superheating_element":1,"projecte:dm_pedestal":1,"minecraft:smooth_quartz_stairs":2,"alltheores:aluminum_ore":325,"mekanism:crusher":1,"minecraft:stone_brick_slab":237,"mekanism:basic_energy_cube":1,"minecraft:emerald_ore":1,"framedblocks:framed_double_panel":1,"minecraft:spruce_log":8,"ars_nouveau:magelight_torch":8,"sophisticatedstorage:diamond_barrel":2,"botania:gray_mystical_flower":21,"mekanism:ultimate_logistical_transporter":81,"apotheosis:salvaging_table":10,"ars_nouveau:imbuement_chamber":8,"rechiseled:oak_planks_large_tiles":20,"mekanism:advanced_universal_cable":43,"sophisticatedbackpacks:gold_backpack":15,"mekanism:advanced_mechanical_pipe":92,"botania:pink_double_flower":2,"rechiseled:cobblestone_worn_stripes":2,"minecraft:grass_block":313,"rechiseled:cobblestone_worn_stripes_connecting":16,"minecraft:iron_ore":1528,"minecraft:anvil":3,"minecraft:azure_bluet":6,"chipped:arched_leaded_glass_pillar":15,"industrialforegoing:block_placer":18,"translocators:crafting_grid":6,"minecraft:end_stone_bricks":54,"ae2:controller":1,"expatternprovider:wireless_connect":5,"framedblocks:framed_door":1,"botania:orange_mystical_flower":18,"minecraft:blackstone":70,"supplementaries:book_pile":2,"minecraft:poppy":11,"minecraft:chest":6,"ars_nouveau:sky_block":47,"minecraft:birch_wood":9,"minecraft:cobblestone":5911,"botania:blue_mystical_flower":22,"botania:light_gray_double_flower":1,"botania:blue_double_flower":1,"ars_nouveau:red_archwood_leaves":64,"ars_nouveau:archwood_planks":145,"integrateddynamics:menril_log_filled":16,"rechiseled:blackstone_diagonal_bricks_connecting":168,"industrialforegoing:latex_processing_unit":3,"mekanism:basic_universal_cable":1,"minecraft:netherrack":1,"minecraft:oak_leaves":2986,"botania:magenta_double_flower":2,"minecraft:emerald_block":1,"trashcans:item_trash_can":8,"alltheores:end_lead_ore":52,"mekanism:basic_mechanical_pipe":4,"torchmaster:dreadlamp":2,"cb_multipart:multipart":1,"minecraft:oak_trapdoor":143,"ars_nouveau:sourcestone":319,"projecte:alchemical_chest":1,"draconicevolution:placed_item":1,"draconicevolution:end_draconium_ore":80,"minecraft:polished_deepslate":21,"botania:livingrock":80,"minecraft:packed_ice":1,"minecraft:stone":88,"exdeorum:porcelain_crucible":2,"ae2:quantum_ring":28,"botania:yellow_double_flower":1,"allthecompressed:gravel_1x":187,"minecraft:lectern":4,"industrialforegoing:enchantment_extractor":1,"mekanism:metallurgic_infuser":1,"botania:white_double_flower":1,"minecraft:sculk":7,"ars_nouveau:blue_archwood_leaves":4,"create:schematic_table":1,"ars_nouveau:blue_archwood_log":202,"fluxnetworks:flux_plug":1,"mekanism:creative_energy_cube":1,"minecraft:yellow_bed":2,"botania:yellow_mystical_flower":30,"minecraft:terracotta":32,"rechiseled:cobblestone_pillar_connecting":224},"minecraft:crafted":{"minecraft:black_dye":256,"ironfurnaces:item_heater":1,"exdeorum:iron_hammer":9,"allthemodium:allthemodium_rod":2,"minecraft:red_sand":24,"botania:purple_petal":6,"minecraft:chain":6,"alltheores:signalum_ingot":0,"minecraft:zombie_head":5,"mekanism:advanced_energy_cube":1,"ae2:energy_card":1,"projecte:repair_talisman":3,"apotheosis:sigil_of_rebirth":132,"create:schematicannon":1,"projecte:dark_matter_block":13,"alltheores:lead_dust":256,"apotheosis:reforging_table":1,"refinedstorage:crafting_grid":1,"redstone_arsenal:flux_dust":1,"minecraft:beacon":1,"alltheores:iron_gear":7,"mekanism:elite_universal_cable":24,"refinedstorage:network_receiver":1,"integrateddynamics:part_static_light_panel":2,"powah:energizing_rod_starter":1,"projecte:transmutation_table":1,"allthemodium:allthemodium_nugget":27,"mekanism:energy_tablet":33,"minecraft:name_tag":10,"integrateddynamics:part_display_panel":1,"projecte:collector_mk2":1,"ironfurnaces:heater":1,"projecte:transmutation_tablet":1,"tiab:time_in_a_bottle":1,"exdeorum:oak_barrel":3,"minecraft:fern":12,"ae2:cell_component_16k":1,"ae2:wireless_access_point":1,"minecraft:smithing_table":3,"exdeorum:netherite_mesh":1,"ironfurnaces:augment_blasting":1,"bloodmagic:sacrificialdagger":1,"minecraft:sticky_piston":2,"minecraft:lava_bucket":3,"waystones:warp_stone":4,"alltheores:invar_ore_hammer":2,"minecraft:stone_brick_stairs":812,"minecraft:lectern":1,"ae2:tiny_tnt":1,"industrialforegoing:fluid_extractor":32,"apotheosis:gem_cutting_table":1,"ae2:quantum_ring":8,"projecte:medium_covalence_dust":40,"sophisticatedbackpacks:auto_smelting_upgrade":1,"allthemodium:allthemodium_apple":1,"ae2:condenser":1,"industrialforegoing:mob_crusher":4,"minecraft:netherite_ingot":64,"sophisticatedbackpacks:netherite_backpack":1,"minecraft:golden_carrot":2,"farmersdelight:onion":1,"ars_nouveau:volcanic_sourcelink":3,"ae2:semi_dark_monitor":3,"minecraft:iron_nugget":126,"minecraft:spyglass":1,"minecraft:cobbled_deepslate":423,"sophisticatedbackpacks:stack_upgrade_tier_1":1,"exmachinis:gold_upgrade":63,"integrateddynamics:variable_transformer_output":8,"minecraft:spruce_fence":228,"ae2:storage_monitor":1,"ae2:energy_cell":16,"minecraft:terracotta":0,"minecraft:basalt":103,"mekanism:creative_energy_cube":1,"minecraft:lantern":72,"alltheores:diamond_gear":1181,"ironjetpacks:strap":1,"sophisticatedbackpacks:auto_blasting_upgrade":1,"allthemodium:vibranium_block":6,"ironjetpacks:thruster":8,"projecte:dm_axe":1,"industrialforegoing:laser_drill":136,"integrateddynamics:variable":48,"constructionwand:diamond_wand":8,"forbidden_arcanus:obsidian_with_iron":320,"ae2:dense_energy_cell":1,"minecraft:enchanting_table":2,"sophisticatedbackpacks:advanced_tool_swapper_upgrade":1,"ae2wtlib:quantum_bridge_card":1,"ironjetpacks:advanced_coil":24,"sophisticatedbackpacks:gold_backpack":7,"minecraft:lily_pad":10,"minecraft:red_carpet":1,"ae2:redstone_card":1,"minecraft:enchanted_book":71,"minecraft:orange_dye":36,"bloodmagic:alchemytable":1,"projecte:dm_boots":1,"ironjetpacks:cell":23,"minecraft:black_stained_glass_pane":256,"torchmaster:feral_flare_lantern":12,"mekanism:basic_mechanical_pipe":40,"thermal_extra:soul_infused_ingot":0,"industrialforegoing:plastic":0,"industrialforegoing:marine_fisher":1,"ae2:cell_component_4k":2,"minecraft:cobblestone_slab":2820,"minecraft:barrel":3,"projecte:klein_star_drei":78,"forbidden_arcanus:artisan_relic":1,"alltheores:copper_dust":266,"mekanism:free_runners_armored":1,"refinedstorage:cable":12,"alltheores:invar_block":4,"integratedterminals:part_terminal_storage":1,"minecraft:stone":0,"exdeorum:unfired_porcelain_crucible":1,"projecte:high_covalence_dust":40,"mekanism:gauge_dropper":1,"fluxnetworks:flux_point":3,"alltheores:osmium_ore":271,"immersiveengineering:cloche":1,"mekanism:elite_energy_cube":1,"minecraft:stone_brick_slab":1014,"alltheores:nickel_ore":204,"silentgear:rough_rod":2,"exmachinis:diamond_upgrade":21,"minecraft:comparator":2,"minecraft:chest":85,"allthemodium:unobtainium_block":8,"minecraft:copper_block":14,"mekanism:basic_fluid_tank":1,"minecraft:bricks":2,"alltheores:gold_gear":400,"projecte:aeternalis_fuel_block":13,"minecraft:ender_eye":67,"minecraft:stone_bricks":4052,"minecraft:oak_fence":63,"apotheosis:sigil_of_unnaming":6,"allthemodium:vibranium_axe":1,"fluxnetworks:flux_core":12,"minecraft:dropper":50,"rftoolspower:coalgenerator":1,"industrialforegoing:ore_laser_base":5,"minecraft:cauldron":1,"projecte:dm_helmet":1,"mekanism:configuration_card":1,"alltheores:diamond_dust":8,"projecte:mobius_fuel":18856,"ae2:color_applicator":1,"minecraft:iron_helmet":1,"minecraft:brown_dye":36,"sophisticatedbackpacks:upgrade_base":1,"alltheores:lead_ore":197,"rechiseled:chisel":1,"minecraft:dispenser":3,"minecraft:tnt":1,"ironjetpacks:capacitor":4,"minecraft:spruce_trapdoor":264,"minecraft:totem_of_undying":1,"sophisticatedbackpacks:xp_pump_upgrade":1,"ae2:network_tool":1,"minecraft:purple_dye":9,"minecraft:yellow_dye":1,"sophisticatedbackpacks:diamond_backpack":4,"minecraft:stick":2628,"mekanism:crusher":1,"minecraft:iron_ingot":40953,"ae2:cable_anchor":128,"minecraft:iron_ore":267,"exdeorum:oak_sieve":3,"minecraft:pink_tulip":12,"minecraft:dark_oak_fence_gate":128,"projecte:condenser_mk1":1,"tombstone:voodoo_poppet":1,"minecraft:blue_terracotta":8,"mekanism:basic_universal_cable":24,"minecraft:stone_brick_wall":60,"minecraft:fishing_rod":1,"mekanismgenerators:wind_generator":14,"minecraft:blast_furnace":2,"minecraft:furnace":197,"alltheores:gold_dust":3345,"minecraft:piston":36,"ae2wtlib:magnet_card":1,"apotheosis:salvaging_table":2,"create:schematic_table":1,"minecraft:smooth_quartz_stairs":384,"minecraft:oak_trapdoor":194,"ae2:cell_component_1k":6,"refinedstorage:crafter":1,"ars_nouveau:source_gem_block":1,"ironfurnaces:augment_fuel":1,"ars_nouveau:arcane_platform":22,"bloodmagic:soulforge":1,"powah:player_transmitter_starter":1,"ae2:formation_plane":3,"mekanism:elite_fluid_tank":1,"ae2:pattern_provider":1,"apotheosis:sigil_of_enhancement":116,"minecraft:glistering_melon_slice":1,"powah:energy_cable_starter":12,"mysticalagriculture:prudentium_essence":1,"constructionwand:infinity_wand":1,"botania:fertilizer":107,"create:andesite_alloy":8,"enderio:void_chassis":1,"alltheores:zinc_ore":326,"projecte:dm_furnace":1,"industrialforegoing:block_placer":16,"minecraft:nether_star":9,"minecraft:iron_sword":2,"refinedstorage:range_upgrade":31,"industrialforegoing:machine_frame_pity":325,"minecraft:skeleton_skull":5,"minecraft:dirt":11640,"minecraft:copper_ore":198,"sophisticatedstorage:compacting_upgrade":1,"mekanism:upgrade_speed":14,"projecte:relay_mk3":1,"exdeorum:porcelain_clay_ball":12,"sophisticatedbackpacks:pickup_upgrade":1,"powah:player_transmitter_basic":1,"sophisticatedbackpacks:advanced_filter_upgrade":2,"allthemodium:unobtainium_boots":1,"powah:aerial_pearl":1,"mekanism:enrichment_chamber":3,"minecraft:white_dye":176,"ae2:storage_bus":1,"minecraft:anvil":7,"ae2:quartz_vibrant_glass":1,"alltheores:iron_dust":4205,"minecraft:andesite":26,"minecraft:torch":20,"cookingforblockheads:sink":1,"ae2:certus_quartz_wrench":1,"minecraft:diamond_chestplate":3,"cobblefordays:tier_4":1,"minecraft:smooth_stone":0,"allthemodium:unobtainium_helmet":2,"ae2:quantum_link":1,"sophisticatedbackpacks:magnet_upgrade":1,"thermal:machine_furnace":1,"projecte:alchemical_chest":1,"waystones:waystone":2,"botania:mana_pool":1,"projecte:rm_axe":1,"alltheores:silver_ore":424,"minecraft:lever":2,"minecraft:bookshelf":79,"refinedstorage:storage_monitor":1,"sophisticatedbackpacks:auto_smoking_upgrade":1,"minecraft:iron_bars":176,"minecraft:quartz_block":4096,"minecraft:glass":192,"minecraft:repeater":4,"alltheores:osmium_dust":16,"minecraft:diamond_leggings":3,"expatternprovider:wireless_tool":1,"sophisticatedbackpacks:tank_upgrade":2,"refinedstorage:grid":1,"minecraft:polished_blackstone":4,"allthecompressed:sand_1x":241,"refinedstorage:network_transmitter":1,"extrastorage:iron_crafter":1,"utilitix:mob_yoinker":1,"allthemodium:allthemodium_upgrade_smithing_template":14,"minecraft:emerald":41,"minecraft:diamond_axe":1,"ae2:fluix_dust":6078,"rsinfinitybooster:infinity_card":1,"minecraft:gravel":2,"minecraft:spruce_door":63,"immersiveengineering:slab_treated_wood_horizontal":24,"sophisticatedbackpacks:advanced_feeding_upgrade":2,"alltheores:aluminum_dust":2,"alltheores:steel_block":2,"ae2:brown_covered_cable":64,"ars_nouveau:source_jar":9,"minecraft:moss_block":3,"minecraft:clock":49,"minecraft:copper_ingot":0,"minecraft:red_mushroom":12,"industrialforegoing:dissolution_chamber":3,"minecraft:hay_block":4,"ae2:crafting_card":1,"bloodmagic:altar":1,"ae2:cable_pattern_provider":9,"alltheores:zinc_dust":2,"allthemodium:vibranium_upgrade_smithing_template":10,"exdeorum:flint_mesh":3,"minecraft:compass":12,"minecraft:iron_block":71,"exdeorum:compressed_diamond_hammer":1,"minecraft:gold_ingot":1,"refinedstorage:importer":1,"alltheores:bronze_block":7,"mekanism:advanced_fluid_tank":1,"croptopia:knife":1,"minecraft:fire_charge":9,"projecte:collector_mk1":1,"ars_nouveau:arcane_pedestal":26,"powah:capacitor_basic_tiny":14,"ae2:crafting_monitor":1,"mekanism:advanced_universal_cable":48,"powah:dielectric_casing":5,"ae2:annihilation_plane":4,"ae2:fluix_crystal":10044,"thermal:charcoal_block":3,"ironjetpacks:basic_coil":25,"minecraft:bone_meal":1,"allthecompressed:cobblestone_1x":87,"endertanks:ender_tank":2,"sophisticatedbackpacks:advanced_pump_upgrade":1,"allthecompressed:gravel_1x":246,"alltheores:copper_ore_hammer":13,"refinedstorage:crafting_monitor":1,"minecraft:wither_skeleton_skull":15,"alltheores:uranium_ingot":1142,"sophisticatedbackpacks:advanced_void_upgrade":3,"allthemodium:unobtainium_upgrade_smithing_template":5,"minecraft:dark_oak_fence":621,"alltheores:tin_ore":498,"minecraft:spruce_slab":720,"botania:white_petal":96,"minecraft:ladder":126,"projecte:relay_mk2":1,"extrastorage:netherite_crafter":1,"farmersdelight:rice":1,"minecraft:diamond_boots":1,"apotheosis:simple_reforging_table":1,"minecraft:redstone_block":230,"minecraft:spruce_sapling":8,"alltheores:steel_ingot":0,"minecraft:dark_oak_planks":624,"projecte:klein_star_omega":1,"exdeorum:iron_mesh":3,"ae2:cable_interface":1,"refinedstorage:portable_grid":1,"allthemodium:unobtainium_axe":5,"ars_nouveau:ritual_wilden_summon":1,"powah:dielectric_paste":32,"projecte:collector_mk3":1,"exdeorum:golden_mesh":8,"minecraft:lily_of_the_valley":7,"summoningrituals:altar":1,"angelring:angel_ring":1,"alltheores:osmium_ingot":0,"extrastorage:diamond_crafter":1,"everlastingabilities:ability_bottle":1,"alltheores:invar_ingot":36,"refinedstorage:wireless_transmitter":1,"exdeorum:compressed_stone_hammer":9,"alltheores:iron_plate":10,"projecte:klein_star_sphere":4,"minecraft:glowstone":5,"projecte:low_covalence_dust":40,"projecte:dm_chestplate":1,"cobblefordays:tier_3":1,"cobblefordays:tier_5":1,"refinedstorage:security_manager":1,"ars_nouveau:sourcestone":24,"minecraft:oak_log":252,"powah:energy_cell_starter":2,"exdeorum:compressed_iron_hammer":8,"minecraft:golden_apple":1,"minecraft:cobblestone":2238,"alltheores:tin_dust":2,"allthemodium:allthemodium_ingot":1,"industrialforegoing:latex_processing_unit":1,"minecraft:blackstone":1608,"minecraft:oak_stairs":196,"alltheores:bronze_ore_hammer":3,"mekanism:advanced_mechanical_pipe":72,"minecraft:white_bed":1,"allthecompressed:blackstone_1x":2240,"ae2:interface":3,"mekanism:free_runners":1,"minecraft:oak_planks":10678,"pipez:universal_pipe":30,"apotheosis:augmenting_table":1,"alltheores:iron_ore_hammer":40,"mekanism:atomic_disassembler":1,"minecraft:sand":2,"apotheosis:sigil_of_withdrawal":4,"sophisticatedbackpacks:void_upgrade":3,"minecraft:spruce_pressure_plate":1,"minecraft:green_dye":36,"minecraft:dark_oak_door":3,"minecraft:hopper":139,"angelring:diamond_ring":1,"alltheores:aluminum_ore":277,"tombstone:grave_key":1,"refinedstorage:pattern_grid":1,"minecraft:netherite_upgrade_smithing_template":1402,"refinedstorage:disk_drive":1,"minecraft:oak_slab":666,"refinedstorage:fortune_2_upgrade":2,"ironjetpacks:jetpack":4,"allthemodium:allthemodium_carrot":1,"sophisticatedbackpacks:backpack":2,"minecraft:crafting_table":193,"minecraft:spruce_planks":4480,"minecraft:gold_ore":177,"alltheores:bronze_ingot":64,"minecraft:gold_block":7,"sophisticatedbackpacks:feeding_upgrade":2,"mekanism:purification_chamber":1,"industrialforegoing:enchantment_extractor":1,"minecraft:pumpkin_seeds":12,"sophisticatedbackpacks:advanced_restock_upgrade":1,"ars_nouveau:ritual_brazier":1,"allthetweaks:nether_star_block":9,"ae2:facade":96,"minecraft:dark_oak_slab":180,"minecraft:book":182,"minecraft:paper":453,"minecraft:charcoal":0,"minecraft:diamond_pickaxe":7,"minecraft:emerald_block":576,"mekanism:steel_casing":7,"minecraft:light_weighted_pressure_plate":32,"minecraft:light_blue_dye":2,"projecte:klein_star_ein":221,"minecraft:snow_block":18,"expatternprovider:ex_interface":1,"create:clipboard":1,"botania:apothecary_default":1,"minecraft:redstone_torch":8,"ars_caelum:ritual_conjure_island_village":2,"sophisticatedbackpacks:filter_upgrade":3,"minecraft:shears":7,"refinedstorage:pattern":1,"allthemodium:allthemodium_plate":3,"exmachinis:flux_sieve":2,"projecte:dm_leggings":1,"minecraft:redstone":8844,"minecraft:coal":5,"rftoolsbase:machine_frame":1,"apotheosis:sigil_of_socketing":3,"sophisticatedbackpacks:advanced_magnet_upgrade":1,"industrialforegoing:stasis_chamber":1,"powah:energy_cell_basic":1,"minecraft:stone_button":1,"exdeorum:diamond_mesh":2,"allthemodium:allthemodium_axe":1,"minecraft:enchanted_golden_apple":1,"ars_nouveau:archwood_slab":66,"minecraft:glass_pane":1824,"forbidden_arcanus:dark_nether_star":1,"projecte:aeternalis_fuel":1850,"apotheosis:potion_charm":1,"refinedstorage:filter":1,"angelring:energetic_angel_ring":1,"minecraft:iron_axe":4,"projecte:relay_mk1":1,"exdeorum:string_mesh":3,"thermal_extra:soul_infused_dust":2,"projecte:dm_pick":1,"create:empty_schematic":1,"minecraft:lime_dye":54,"sophisticatedbackpacks:stack_upgrade_tier_2":1,"immersiveengineering:component_iron":1,"projecte:klein_star_vier":20,"trashcans:item_trash_can":4,"cookingforblockheads:spice_rack":1,"powah:dielectric_rod_horizontal":32,"sophisticatedbackpacks:iron_backpack":6,"minecraft:sugar":467,"ae2:level_emitter":1,"minecraft:red_dye":3,"extrastorage:gold_crafter":1,"minecraft:diamond_sword":4,"minecraft:dark_oak_stairs":576,"mekanism:metallurgic_infuser":1,"powah:energizing_orb":1,"darkutils:vector_plate_ultra":4,"botania:yellow_petal":2,"enderio:alloy_smelter":1,"projecte:dm_pedestal":1,"pickletweaks:flint_shears":10,"mekanism:superheating_element":3,"minecraft:nether_bricks":5,"minecraft:bucket":13,"minecraft:amethyst_block":74,"apotheosis:gem_fused_slate":248,"minecraft:air":6602,"minecraft:blue_dye":2,"powah:dielectric_rod":8,"projecte:alchemical_coal":46720,"sophisticatedbackpacks:pump_upgrade":1,"projecte:klein_star_zwei":83,"integrateddynamics:variable_transformer_input":8,"mekanism:basic_energy_cube":1,"minecraft:gold_nugget":72,"mekanism:upgrade_energy":3,"exmachinis:netherite_upgrade":2,"industrialforegoing:mob_slaughter_factory":1,"exmachinis:flux_hammer":2,"minecraft:clay":1,"minecraft:lapis_block":512}},"DataVersion":3465}