{"stats":{"minecraft:picked_up":{"croptopia:toast":12,"minecraft:pink_petals":4,"minecraft:wheat":22,"exdeorum:basalt_pebble":14,"exdeorum:dust":3,"minecraft:flint":2,"minecraft:oak_log":87,"exdeorum:blackstone_pebble":11,"minecraft:string":58,"minecraft:dirt":31,"exdeorum:granite_pebble":11,"minecraft:apple":3,"minecraft:bow":1,"minecraft:wheat_seeds":44,"exdeorum:oak_sieve":1,"ftbquests:book":1,"exdeorum:stone_pebble":86,"exdeorum:wood_chippings":28,"minecraft:oak_planks":67,"minecraft:egg":5,"minecraft:oak_slab":1,"minecraft:stick":32,"exdeorum:deepslate_pebble":15,"minecraft:torch":1,"minecraft:gravel":21,"minecraft:sand":3,"minecraft:cherry_log":1,"tombstone:grave_dust":2,"exdeorum:wooden_watering_can":1,"exdeorum:silk_worm":6,"minecraft:rotten_flesh":2,"exdeorum:diorite_pebble":24,"minecraft:cherry_wood":1,"exdeorum:andesite_pebble":12,"framedblocks:framed_slab_edge":1,"minecraft:glow_berries":4,"minecraft:oak_sapling":59,"thermal:amaranth_seeds":1,"minecraft:oak_leaves":47},"minecraft:broken":{"minecraft:stone_axe":1,"exdeorum:crook":2},"minecraft:killed":{"minecraft:zombie":2},"minecraft:killed_by":{"minecraft:skeleton":1,"minecraft:creeper":2},"minecraft:dropped":{"croptopia:toast":3,"tombstone:grave_dust":1,"minecraft:pink_petals":4},"minecraft:mined":{"minecraft:oak_slab":1,"minecraft:oak_sapling":1,"exdeorum:infested_leaves":110,"minecraft:cherry_log":1,"minecraft:torch":1,"minecraft:grass_block":5,"minecraft:cobblestone":17,"minecraft:oak_planks":4,"minecraft:pink_petals":3,"minecraft:wheat":5,"minecraft:grass":4,"minecraft:oak_log":41,"minecraft:dirt":20,"minecraft:gravel":9,"minecraft:sand":3,"exdeorum:oak_sieve":1,"framedblocks:framed_slab_edge":1,"minecraft:oak_leaves":218},"minecraft:custom":{"minecraft:mob_kills":2,"minecraft:items_extracted":64,"minecraft:interact_with_crafting_table":24,"minecraft:open_barrel":4,"minecraft:interact_with_campfire":12,"minecraft:leave_game":1,"minecraft:time_since_death":16496,"minecraft:sleep_in_bed":5,"minecraft:climb_one_cm":512,"minecraft:time_since_rest":3815,"minecraft:sprint_one_cm":190018,"minecraft:walk_one_cm":174067,"minecraft:damage_taken":5540,"minecraft:drop":8,"minecraft:damage_dealt":714,"minecraft:swim_one_cm":190,"minecraft:fly_one_cm":137501,"minecraft:open_chest":17,"minecraft:crouch_one_cm":37234,"tombstone:undead_killed":2,"minecraft:play_time":93361,"minecraft:deaths":4,"minecraft:sneak_time":12391,"minecraft:walk_under_water_one_cm":686,"minecraft:jump":471,"minecraft:walk_on_water_one_cm":166,"minecraft:total_world_time":93361,"minecraft:fall_one_cm":80400},"minecraft:crafted":{"minecraft:coarse_dirt":12,"minecraft:oak_slab":26,"minecraft:oak_planks":94,"exdeorum:oak_barrel":1,"minecraft:crafting_table":1,"minecraft:wooden_pickaxe":1,"minecraft:cobbled_deepslate":3,"pickletweaks:flint_shears":1,"minecraft:stone_axe":1,"minecraft:bread":7,"minecraft:air":492,"exdeorum:crook":3,"exdeorum:oak_crucible":1,"minecraft:granite":2,"minecraft:basalt":3,"minecraft:cobblestone":21,"exdeorum:string_mesh":6,"minecraft:stick":4,"minecraft:blackstone":2,"minecraft:chest":1,"exdeorum:oak_sieve":11,"minecraft:andesite":3,"exdeorum:stone_hammer":1},"minecraft:used":{"exdeorum:oak_sieve":2,"minecraft:wheat_seeds":5,"exdeorum:compressed_diamond_hammer":1,"minecraft:oak_planks":205,"minecraft:chest":1,"minecraft:wooden_pickaxe":4,"exdeorum:crook":261,"minecraft:torch":9,"minecraft:dirt":27,"minecraft:sand":3,"minecraft:oak_slab":80,"minecraft:crafting_table":1,"exdeorum:silk_worm":3,"exdeorum:oak_barrel":1,"minecraft:wooden_axe":16,"framedblocks:framed_slab_edge":1,"minecraft:gravel":9,"minecraft:stone_axe":72,"croptopia:toast":6,"exdeorum:oak_crucible":1,"minecraft:cobblestone":17,"exdeorum:stone_hammer":28,"minecraft:oak_sapling":35,"minecraft:egg":3,"minecraft:cooked_beef":2,"minecraft:cherry_log":1}},"DataVersion":3465}