{"stats":{"minecraft:broken":{"constructionwand:stone_wand":2,"exdeorum:crook":3},"minecraft:used":{"create:deployer":8,"botania:white_petal":21,"framedblocks:framed_sloped_stairs":3,"allthecompressed:blackstone_1x":29,"minecraft:chest":12,"occultism:chalk_purple":24,"create:fluid_tank":14,"ae2:import_bus":2,"occultism:chalk_gold":17,"create:depot":2,"botania:black_petal":22,"occultism:butcher_knife":26,"constructionwand:infinity_wand":165,"minecraft:grass_block":921,"minecraft:copper_ore":1,"framedblocks:framed_panel":4,"xnet:netcable_blue":70,"ironfurnaces:iron_furnace":1,"create:rotation_speed_controller":3,"occultism:chalk_white":30,"create:steam_engine":6,"create:shaft":94,"minecraft:furnace":4,"minecraft:oak_sapling":32,"enderchests:ender_chest":9,"minecraft:egg":16,"create:sequenced_gearshift":2,"tiab:time_in_a_bottle":40,"minecraft:blackstone":37,"framedblocks:framed_corner_slope":3,"ae2:brown_smart_dense_cable":6,"ae2:storage_bus":1,"ae2:facade":6,"integratedtunnels:part_importer_item":9,"minecraft:sand":3,"croptopia:scrambled_eggs":1,"projecte:transmutation_table":1,"allthecompressed:granite_1x":3,"integrateddynamics:part_inventory_writer":1,"occultism:spirit_attuned_crystal":4,"create:basin":1,"exdeorum:oak_crucible":1,"botania:pure_daisy":1,"chipped:carpenters_table":1,"minecraft:armor_stand":3,"ae2:export_bus":4,"create:sticky_mechanical_piston":7,"exdeorum:crook":419,"framedblocks:framed_slope_edge":1,"alltheores:silver_ore":1,"mekanism:ultimate_fluid_tank":1,"projecte:volcanite_amulet":19,"create:wrench":75,"create:gearbox":7,"exdeorum:crushed_deepslate":239,"framedblocks:framed_double_corner":1,"framedblocks:framed_vertical_double_stairs":1,"minecraft:barrel":19,"create:encased_chain_drive":20,"integrateddynamics:cable":99,"allthecompressed:diorite_1x":9,"constructionwand:diamond_wand":204,"create:belt_connector":21,"minecraft:cobbled_deepslate":33,"mob_grinding_utils:golden_egg":1,"mekanism:elite_fluid_tank":1,"exdeorum:oak_sieve":18,"occultism:otherstone":2,"integrateddynamics:part_inventory_reader":1,"framedblocks:framed_elevated_slope_edge":26,"minecraft:water_bucket":1,"framedblocks:framed_inner_corner_slope":4,"framedblocks:framed_slope":20,"xnet:controller":2,"minecraft:gold_ore":2,"create:blaze_burner":6,"minecraft:crafting_table":1,"minecraft:oak_slab":26,"allthemodium:alloy_sword":12,"framedblocks:framed_prism_corner":1,"minecraft:white_bed":3,"endertanks:ender_tank":1,"occultism:datura":2,"minecraft:oak_log":425,"mekanism:atomic_disassembler":2077,"allthecompressed:sand_1x":1,"minecraft:oak_button":17,"ae2:cable_pattern_provider":9,"minecraft:spruce_trapdoor":9,"draconicevolution:entity_detector_advanced":2,"occultism:candle_white":8,"minecraft:cobblestone":1038,"occultism:golden_sacrificial_bowl":2,"create:clutch":4,"create:redstone_link":16,"minecraft:moss_carpet":2,"create:piston_extension_pole":16,"minecraft:oak_sign":3,"create:pulse_extender":1,"allthecompressed:cobblestone_1x":53,"create:mechanical_bearing":3,"create:cogwheel":88,"ae2:brown_covered_dense_cable":113,"minecraft:carrot":7,"occultism:sacrificial_bowl":14,"mekanismtools:diamond_paxel":32,"create:speedometer":1,"integrateddynamics:squeezer":2,"integrateddynamics:part_redstone_writer":11,"integrateddynamics:facade":20,"pipez:item_pipe":7,"clickmachine:auto_clicker":11,"allthecompressed:basalt_1x":7,"ars_nouveau:archwood_button":5,"mekanism:ultimate_mechanical_pipe":4,"integratedtunnels:part_interface_item":21,"industrialforegoing:mob_imprisonment_tool":2,"minecraft:stone_pickaxe":21,"minecraft:oak_planks":1338,"create:mechanical_saw":6,"occultism:otherworld_sapling_natural":6,"ae2:pattern_provider":1,"exdeorum:oak_barrel":2,"minecraft:lever":18,"framedblocks:framed_vertical_stairs":35,"chipped:cross_laced_spruce_planks":30,"projecte:dark_matter_block":2,"draconicevolution:entity_detector":4,"create:andesite_casing":4,"minecraft:gravel":973,"expatternprovider:ex_pattern_provider_part":4,"mekanism:ultimate_logistical_transporter":5,"minecraft:stripped_oak_wood":4,"create:stressometer":3,"exdeorum:compressed_stone_hammer":123,"create:vertical_gearbox":8,"minecraft:coarse_dirt":16,"minecraft:bone_meal":103,"create:large_cogwheel":61,"cookingforblockheads:sink":1,"chipped:oak_large_diamond_glass":64,"minecraft:oak_fence":26,"ae2:brown_covered_cable":55,"mekanism:configurator":6,"minecraft:stone_shovel":274,"xnet:facade":36,"minecraft:redstone":5,"framedblocks:framed_stairs":23,"botania:open_crate":4,"gateways:gate_pearl":5,"minecraft:dirt":507,"create:mechanical_mixer":1,"framedblocks:framed_stacked_slope_edge":23,"minecraft:hopper":12,"create:attribute_filter":3,"minecraft:oak_wood":2,"exdeorum:silk_worm":5,"itemcollectors:advanced_collector":2,"create:smart_chute":4,"minecraft:iron_hoe":5,"minecraft:wooden_axe":98,"chipped:glassblower":1,"minecraft:oak_stairs":4,"ae2:processing_pattern":1,"framedblocks:framed_slab_edge":3,"framedblocks:framed_vertical_sloped_stairs":3,"rechiseled:diorite_bricks":2,"exdeorum:porcelain_crucible":2,"exdeorum:stone_hammer":79,"xnet:connector_blue":21,"minecraft:cooked_beef":101,"thermal:device_collector":3,"create:gearshift":2,"pipez:fluid_pipe":1,"allthemodium:unobtainium_axe":1,"minecraft:iron_ore":8,"minecraft:cobblestone_stairs":66,"fluxnetworks:flux_point":10,"allthecompressed:andesite_1x":6,"minecraft:cobblestone_slab":405,"fluxnetworks:flux_controller":1,"create:brass_funnel":7,"exdeorum:crushed_blackstone":298,"constructionwand:stone_wand":90,"minecraft:wooden_hoe":25,"minecraft:apple":6,"create:mechanical_press":1,"allthecompressed:cobbled_deepslate_1x":23,"projecte:philosophers_stone":37,"integrateddynamics:part_redstone_reader":6,"minecraft:bucket":1,"mekanism:mekasuit_bodyarmor":1},"minecraft:dropped":{"mekanism:mekasuit_helmet":1,"allthemodium:alloy_sword":1,"minecraft:diamond":68,"create:incomplete_precision_mechanism":3,"exdeorum:granite_pebble":1,"framedblocks:framed_elevated_slope_edge":1,"occultism:otherworld_log":16,"minecraft:iron_nugget":1,"mekanism:mekasuit_boots":1,"minecraft:oak_planks":7,"minecraft:end_stone":48,"occultism:chalk_gold_impure":1,"buildinggadgets2:gadget_copy_paste":1,"tiab:time_in_a_bottle":1,"minecraft:black_dye":64,"occultism:datura":34,"minecraft:feather":27,"minecraft:cobblestone":6,"minecraft:book":64,"draconicevolution:draconic_sword":3,"ae2:brown_covered_cable":1,"minecraft:lava_bucket":1,"allthemodium:unobtainium_axe":1,"alltheores:raw_aluminum":1408,"xnet:netcable_blue":2,"mekanism:mekasuit_pants":1,"minecraft:cobblestone_slab":3,"occultism:chalk_purple_impure":1,"alltheores:brass_ingot":72,"occultism:chalk_white_impure":1,"angelring:diamond_ring":1,"minecraft:soul_sand":21,"minecraft:oak_log":8,"alltheores:gold_plate":1,"mekanism:atomic_disassembler":2,"occultism:soul_gem":3,"occultism:book_of_binding_empty":1,"minecraft:ice":1,"ars_nouveau:red_archwood_log":1,"projecte:volcanite_amulet":1,"minecraft:gold_ingot":5,"minecraft:gravel":1,"mekanism:mekasuit_bodyarmor":1,"alltheores:brass_plate":2,"silentgear:netherwood_stick":2,"minecraft:netherrack":196,"alltheores:zinc_ingot":68,"minecraft:copper_ingot":73,"alltheores:silver_ingot":4,"absentbydesign:wall_oak_planks":2,"minecraft:andesite":193,"minecraft:oak_sapling":6,"exdeorum:stone_hammer":5},"minecraft:killed":{"minecraft:donkey":2,"minecraft:cow":3,"minecraft:horse":1,"minecraft:wandering_trader":3,"minecraft:pig":2,"ars_nouveau:gift_starby":2,"minecraft:sheep":3,"minecraft:trader_llama":6,"minecraft:phantom":1,"forcecraft:fairy":1},"minecraft:picked_up":{"ironfurnaces:netherite_furnace":1,"powah:energy_cable_niotic":2,"reliquary:mob_charm_belt":1,"refinedstorage:speed_upgrade":3,"exdeorum:dust":3,"minecraft:lead":14,"botania:black_double_flower":22,"minecraft:oak_stairs":5,"allthecompressed:basalt_1x":7,"create:wrench":1,"ae2:logic_processor":7,"framedblocks:framed_vertical_double_stairs":1,"minecraft:enchanted_book":1,"exdeorum:iron_ore_chunk":92,"xycraft_world:xychorium_storage_green":5,"exdeorum:stone_hammer":5,"exdeorum:grass_seeds":6,"minecraft:string":149,"framedblocks:framed_vertical_sloped_stairs":3,"apotheosis:epic_material":70,"occultism:book_of_binding_empty":1,"ae2:engineering_processor":5,"pipez:energy_pipe":8,"create:piston_extension_pole":12,"create:sticky_mechanical_piston":6,"mekanism:basic_universal_cable":20,"enderio:vibrant_alloy_ingot":5,"mysticalagriculture:inferium_essence":33,"pickletweaks:charcoal_piece":74,"minecraft:cobbled_deepslate":1,"angelring:diamond_ring":1,"clickmachine:auto_clicker":5,"alltheores:bronze_ingot":7,"alltheores:lead_ingot":9,"draconicevolution:draconic_sword":3,"minecraft:coal_block":66,"alltheores:lumium_ingot":3,"minecraft:diamond_ore":1,"mekanism:basic_logistical_transporter":4,"occultism:otherstone":194,"apotheosis:rare_material":67,"projecte:alchemical_coal_block":1,"mekanism:ultimate_induction_provider":1,"mysticalagriculture:prosperity_shard":4,"create:andesite_casing":16,"integrateddynamics:cable":67,"powah:book":1,"xnet:facade":6,"mob_grinding_utils:saw":1,"gateways:gate_pearl":1,"projecte:red_matter":2,"powah:energy_cable_blazing":1,"minecraft:black_dye":27,"create:schematic_and_quill":1,"productivebees:sturdy_bee_cage":1,"minecraft:honey_bottle":4,"sophisticatedstorage:diamond_to_netherite_tier_upgrade":1,"chipped:oak_large_diamond_glass":4,"minecraft:iron_block":1,"minecraft:glowstone":1,"botania:livingwood_log":8,"expatternprovider:ex_pattern_provider_part":1,"mekanism:basic_fluid_tank":2,"supplementaries:ash":23,"hostilenetworks:data_model":1,"silentgear:template_board":8,"minecraft:feather":4,"minecraft:cooked_beef":7,"powah:dielectric_casing":3,"minecraft:water_bucket":1,"minecraft:flint":205,"create:cinder_flour":104,"ae2:charged_certus_quartz_crystal":24,"mekanism:supercharged_coil":1,"exdeorum:nickel_ore_chunk":35,"refinedstorage:network_card":1,"occultism:awakened_feather":27,"botania:white_double_flower":21,"mekanism:alloy_reinforced":23,"create:encased_chain_drive":11,"xnet:netcable_blue":25,"framedblocks:framed_slope":20,"refinedstorage:crafting_upgrade":1,"powah:capacitor_basic":8,"create:shaft":48,"projecte:high_covalence_dust":128,"refinedstorage:range_upgrade":1,"minecraft:glowstone_dust":6,"apotheosis:mythic_material":67,"minecraft:honeycomb":9,"exdeorum:crushed_blackstone":298,"create:gearshift":1,"mekanism:mekasuit_boots":1,"patchouli:guide_book":5,"ae2:certus_quartz_crystal":23,"exdeorum:flint_mesh":11,"ae2:formation_core":1,"ae2:pattern_provider":1,"occultism:crushed_end_stone":22,"minecraft:barrel":11,"mekanism:basic_mechanical_pipe":4,"minecraft:iron_hoe":1,"thermal:device_rock_gen":2,"powah:energizing_rod_niotic":1,"silentgear:blazing_dust":4,"powah:crystal_nitro":24,"minecraft:lever":16,"apotheosis:sigil_of_enhancement":2,"exdeorum:copper_ore_chunk":100,"occultism:soul_gem":8,"ae2:silicon":52,"framedblocks:framed_stairs":13,"croptopia:toast":7,"exdeorum:gold_ore_chunk":43,"ars_nouveau:red_archwood_log":1,"alltheores:steel_ingot":22,"alltheores:osmium_ingot":93,"apotheosis:sigil_of_rebirth":3,"occultism:chalk_white":1,"minecraft:clay_ball":2,"functionalstorage:oak_2":1,"botania:open_crate":2,"allthemodium:alloy_sword":1,"mekanism:alloy_infused":53,"mekanism:ingot_refined_obsidian":11,"powah:energizing_rod_starter":2,"exdeorum:granite_pebble":554,"create:fluid_pipe":1,"cookingforblockheads:counter":1,"hostilenetworks:blank_data_model":1,"botania:endoflame":1,"mekanism:mekasuit_helmet":1,"minecraft:netherite_scrap":2,"ae2:annihilation_core":4,"bloodmagic:blankslate":2,"pipez:advanced_upgrade":2,"occultism:otherworld_log":31,"create:redstone_link":12,"apotheosis:common_material":3,"powah:crystal_spirited":11,"forcecraft:force_ingot":10,"occultism:otherworld_sapling_natural":15,"botania:pure_daisy":1,"create:brass_funnel":5,"minecraft:beef":7,"exdeorum:zinc_ore_chunk":14,"minecraft:chest":19,"create:clutch":2,"croptopia:scrambled_eggs":2,"refinedstorage:silicon":1,"minecraft:stone":8,"exdeorum:platinum_ore_chunk":8,"ae2:cable_pattern_provider":4,"pipez:item_pipe":3,"occultism:chalk_gold":1,"exdeorum:tuff_pebble":367,"minecraft:cake":2,"ae2:processing_pattern":2,"ae2:cell_component_64k":1,"minecraft:carrot":3,"minecraft:redstone":7,"create:brass_casing":1,"create:vertical_gearbox":4,"integrateddynamics:variable":8,"minecraft:prismarine_crystals":14,"endertanks:ender_tank":1,"sophisticatedstorage:upgrade_base":3,"powah:energizing_rod_nitro":1,"framedblocks:framed_slope_edge":1,"exdeorum:silk_worm":13,"functionalstorage:gold_upgrade":1,"draconicevolution:entity_detector":4,"mekanism:ultimate_logistical_transporter":5,"exmachinis:gold_upgrade":1,"projecte:volcanite_amulet":1,"industrialforegoing:machine_frame_advanced":1,"exdeorum:andesite_pebble":543,"everlastingabilities:ability_bottle":1,"framedblocks:framed_prism_corner":1,"alltheores:iron_dust":37,"thermal:energy_cell":1,"minecraft:gold_ingot":5,"framedblocks:framed_slab_edge":3,"alltheores:raw_osmium":2,"silentgear:glittery_dust":4,"botania:green_mystical_flower":5,"minecraft:mutton":3,"exdeorum:crushed_deepslate":239,"minecraft:white_wool":4,"minecraft:stripped_oak_log":22,"ae2:fluix_dust":9,"powah:capacitor_basic_tiny":19,"minecraft:fox_spawn_egg":2,"xnet:connector_blue":3,"forcecraft:force_gem":10,"silentgear:blueprint_package":1,"ae2:fluix_crystal":13,"minecraft:oak_log":477,"botania:orange_petal":3,"minecraft:ancient_debris":10,"rsinfinitybooster:infinity_card":1,"enderchests:ender_chest":3,"integrateddynamics:part_redstone_writer":8,"industrialforegoing:dryrubber":3,"create:crushing_wheel":2,"pipez:basic_upgrade":1,"sophisticatedbackpacks:upgrade_base":7,"sophisticatedstorage:basic_tier_upgrade":1,"minecraft:apple":12,"exdeorum:stone_pebble":3095,"mekanism:dust_refined_obsidian":1,"thermal:machine_speed_augment":1,"minecraft:iron_ore":2,"apotheosis:gem_dust":24,"draconicevolution:awakened_core":6,"create:mechanical_saw":5,"generatorgalore:copper_generator":1,"allthecompressed:sand_1x":2,"exdeorum:deepslate_pebble":965,"refinedstorage:security_card":1,"minecraft:sweet_berries":1,"exdeorum:lead_ore_chunk":50,"allthecompressed:gravel_1x":1,"mekanism:enriched_carbon":2,"industrialforegoing:plastic":5,"integrateddynamics:facade":13,"minecraft:gravel":969,"mekanism:atomic_disassembler":2,"exdeorum:silver_ore_chunk":52,"projecte:medium_covalence_dust":8,"create:gearbox":4,"xycraft_world:xychorium_storage_red":5,"mekanism:sps_port":1,"framedblocks:framed_sloped_stairs":3,"forbidden_arcanus:arcane_crystal":5,"minecraft:oak_wood":7,"minecraft:firework_rocket":8,"cookingforblockheads:sink":2,"exdeorum:aluminum_ore_chunk":36,"minecraft:slime_ball":9,"create:smart_chute":1,"thermal:turbo_servo_attachment":1,"create:mechanical_pump":1,"exdeorum:uranium_ore_chunk":3,"alltheores:raw_silver":1,"minecraft:oak_button":16,"powah:capacitor_niotic":7,"minecraft:melon_seeds":2,"minecraft:hopper":11,"minecraft:ender_pearl":9,"minecraft:wheat":2,"mekanism:alloy_atomic":1,"minecraft:redstone_block":1,"occultism:book_of_binding_bound_djinni":3,"create:mechanical_crafter":22,"projecte:swiftwolf_rending_gale":1,"minecraft:potion":3,"thermal:machine_frame":3,"powah:thermo_generator_basic":1,"integrateddynamics:part_redstone_reader":4,"croptopia:vanilla_ice_cream":2,"silentgear:sinew":1,"minecraft:raw_copper":18,"ae2:tiny_tnt":1,"projecte:aeternalis_fuel":64,"mekanism:enriched_redstone":1,"minecraft:armor_stand":2,"framedblocks:framed_panel":4,"powah:capacitor_blazing":1,"draconicevolution:awakened_draconium_ingot":4,"minecraft:oak_sign":1,"powah:energy_cable_spirited":6,"occultism:chalk_purple":1,"occultism:tallow":62,"cobblefordays:tier_1":1,"framedblocks:framed_double_corner":1,"minecraft:smooth_stone":2,"minecraft:bucket":3,"framedblocks:framed_vertical_stairs":15,"mekanism:ultimate_mechanical_pipe":2,"minecraft:redstone_torch":2,"minecraft:cobblestone_slab":9,"allthemodium:allthemodium_block":1,"draconicevolution:draconium_dust":40,"minecraft:furnace":3,"mekanism:hdpe_pellet":3,"silentgear:netherwood_stick":2,"pipez:improved_upgrade":1,"mekanism:substrate":3,"minecraft:stick":53,"apotheosis:gem":8,"hostilenetworks:prediction":15,"allthecompressed:soul_sand_1x":1,"minecraft:torch":104,"mekanism:mekasuit_pants":1,"minecraft:porkchop":4,"minecraft:snow_block":4,"chipped:cross_laced_spruce_planks":21,"minecraft:pointed_dripstone":75,"minecraft:diorite":1,"ae2:sky_stone_block":4,"create:large_cogwheel":35,"fluxnetworks:flux_plug":1,"minecraft:rotten_flesh":1,"thermal:upgrade_augment_2":1,"occultism:otherworld_ashes":16,"chemlib:periodic_table":1,"framedblocks:framed_elevated_slope_edge":27,"exdeorum:tin_ore_chunk":60,"occultism:datura":62,"refinedstorage:1k_storage_part":4,"mekanism:enriched_diamond":1,"minecraft:obsidian":12,"minecraft:blaze_powder":5,"minecraft:cobblestone":486,"exdeorum:osmium_ore_chunk":48,"occultism:datura_seeds":63,"exdeorum:basalt_pebble":1409,"thermal:energy_duct":53,"ars_nouveau:archwood_button":3,"create:fluid_tank":2,"minecraft:magma_cream":18,"alltheores:invar_ingot":1,"minecraft:potato":1,"create:belt_connector":3,"absentbydesign:wall_oak_planks":3,"thermal:tin_gear":1,"refinedstorage:improved_processor":16,"create:incomplete_precision_mechanism":2,"minecraft:dirt":296,"minecraft:lapis_lazuli":83,"constructionwand:iron_wand":1,"powah:energy_cable_basic":14,"occultism:spirit_attuned_gem":64,"thermal:rf_coil":20,"thermal:upgrade_augment_1":1,"powah:dielectric_paste":10,"thermal:rf_coil_augment":3,"minecraft:name_tag":1,"allthemodium:unobtainium_ingot":1,"xycraft_world:xychorium_storage_dark":5,"mekanism:elite_fluid_tank":2,"apotheosis:gem_fused_slate":6,"powah:steel_energized":12,"mekanism:pellet_antimatter":3,"ars_nouveau:source_gem":10,"minecraft:wheat_seeds":16,"easy_villagers:trader":1,"itemcollectors:advanced_collector":1,"minecraft:raw_gold":19,"everlastingabilities:ability_totem":1,"trashcans:ultimate_trash_can":1,"occultism:taboo_book":64,"powah:crystal_niotic":8,"alltheores:tin_ingot":11,"functionalstorage:ender_drawer":1,"minecraft:oak_planks":312,"ironfurnaces:iron_furnace":1,"silentgear:crimson_iron_ingot":2,"enderchests:ender_bag":1,"exmachinis:diamond_upgrade":1,"minecraft:ghast_tear":10,"endertanks:ender_bucket":1,"mekanism:mekasuit_bodyarmor":1,"mekanism:teleportation_core":2,"create:cogwheel":63,"draconicevolution:draconium_ingot":39,"framedblocks:framed_inner_corner_slope":4,"integratedtunnels:part_interface_item":12,"minecraft:sand":8,"integrateddynamics:squeezer":1,"exdeorum:crushed_end_stone":64,"ae2:brown_covered_dense_cable":29,"mekanism:basic_control_circuit":35,"mekanism:bio_fuel":1,"chipped:carpenters_table":1,"minecraft:sugar":1,"minecraft:diamond":9,"ae2:blank_pattern":8,"alltheores:raw_aluminum":1408,"powah:capacitor_nitro":6,"projecte:transmutation_table":1,"minecraft:emerald":1,"mekanism:advanced_control_circuit":12,"minecraft:oak_sapling":94,"minecraft:netherrack":197,"create:stressometer":2,"minecraft:oak_leaves":64,"functionalstorage:oak_1":6,"mekanism:clump_iron":4,"powah:niotic_crystal_block":1,"thermal:machine_output_augment":2,"occultism:purified_ink":64,"ars_nouveau:blue_archwood_sapling":1,"create:rotation_speed_controller":1,"thermal:explosive_grenade":1,"minecraft:gold_block":1,"exdeorum:oak_barrel":2,"sophisticatedstorage:basic_to_iron_tier_upgrade":1,"refinedstorage:regulator_upgrade":1,"exdeorum:blackstone_pebble":1305,"minecraft:moss_carpet":2,"exdeorum:string_mesh":13,"create:chute":7,"minecraft:echo_shard":1,"apotheosis:sigil_of_withdrawal":2,"minecraft:sugar_cane":6,"minecraft:spruce_trapdoor":3,"pickletweaks:coal_piece":57,"create:sequenced_gearshift":2,"mob_grinding_utils:golden_egg":1,"mekanism:dirty_dust_iron":4,"minecraft:raw_iron":42,"mekanism:basic_pressurized_tube":4,"sophisticatedstorage:iron_to_gold_tier_upgrade":1,"sophisticatedstorage:gold_to_diamond_tier_upgrade":1,"framedblocks:framed_corner_slope":3,"rechiseled:diorite_bricks":4,"minecraft:copper_ingot":4,"forcecraft:time_torch":5,"mysticalagradditions:dragon_scale":4,"powah:capacitor_basic_large":2,"ae2:speed_card":4,"powah:crystal_blazing":1,"create:deployer":1,"minecraft:arrow":10,"reliquary:handgun":1,"exdeorum:diorite_pebble":574,"ae2:import_bus":2,"powah:wrench":1,"ae2:certus_quartz_dust":50,"projecte:aeternalis_fuel_block":2,"ae2:quartz_fiber":2,"xycraft_world:xychorium_storage_light":5,"powah:capacitor_spirited":2,"thermal:fluid_duct":19,"integrateddynamics:part_inventory_writer":1,"apotheosis:sigil_of_socketing":1,"silentgear:blueprint_paper":8,"draconicevolution:crystal_binder":1,"allthemodium:unobtainium_axe":1,"minecraft:leather":35,"thermal:device_collector":3,"functionalstorage:copper_upgrade":13,"thermal:upgrade_augment_3":1,"ae2:calculation_processor":6,"integratedtunnels:part_importer_item":5,"create:andesite_alloy":20,"powah:energy_cable_starter":7,"create:blaze_burner":1,"minecraft:gunpowder":24,"minecraft:cobblestone_stairs":25,"draconicevolution:wyvern_energy_core":2,"fluxnetworks:flux_point":8,"mekanism:enriched_refined_obsidian":1,"rftoolsbase:dimensionalshard":5,"draconicevolution:wyvern_core":9,"exdeorum:oak_sieve":9,"fluxnetworks:flux_controller":1,"minecraft:iron_ingot":5,"refinedstorage:cable":12,"refinedstorage:basic_processor":98,"minecraft:soul_sand":10,"minecraft:book":16,"draconicevolution:draconium_core":15,"mekanism:ingot_steel":2,"minecraft:oak_slab":8,"alltheores:signalum_ingot":3,"create:mechanical_bearing":3,"minecraft:emerald_block":1,"occultism:sacrificial_bowl":2,"silentgear:glowing_dust":4,"minecraft:lava_bucket":1,"minecraft:quartz":32,"minecraft:dandelion":4,"ae2:facade":2,"mekanism:thermal_evaporation_valve":1,"pneumaticcraft:ingot_iron_compressed":10,"apotheosis:uncommon_material":70,"refinedstorage:quartz_enriched_iron":60,"refinedstorage:machine_casing":6,"alltheores:raw_uranium":2,"minecraft:amethyst_shard":23,"refinedstorage:pattern":30,"ae2:item_cell_housing":1,"botania:white_petal":6,"minecraft:white_bed":3,"mekanism:basic_thermodynamic_conductor":4,"cookingforblockheads:cabinet":1,"buildinggadgets2:gadget_copy_paste":1,"minecraft:pumpkin_seeds":2,"ae2:brown_covered_cable":22,"thermal:redstone_servo":14,"framedblocks:framed_stacked_slope_edge":3,"exdeorum:calcite_pebble":369,"thermal:dynamo_fuel_augment":1,"xycraft_world:xychorium_storage_blue":5,"ae2:printed_silicon":5,"tiab:time_in_a_bottle":1,"minecraft:coal":72},"minecraft:custom":{"minecraft:interact_with_crafting_table":85,"minecraft:open_barrel":90,"minecraft:leave_game":4,"minecraft:time_since_death":907951,"minecraft:play_time":2229809,"minecraft:deaths":3,"minecraft:jump":1237,"minecraft:interact_with_furnace":114,"minecraft:traded_with_villager":1,"minecraft:sleep_in_bed":3,"minecraft:waystone_activated":2,"tombstone:sneak_grave":3,"minecraft:damage_dealt":4718,"tombstone:undead_killed":1,"minecraft:interact_with_smithing_table":3,"minecraft:interact_with_anvil":4,"minecraft:inspect_hopper":37,"minecraft:sneak_time":47479,"minecraft:total_world_time":2229809,"tombstone:raider_killed":1,"minecraft:items_extracted":22194,"minecraft:time_since_rest":1,"minecraft:use_wand":3737,"minecraft:fly_one_cm":1960252,"minecraft:open_chest":181,"minecraft:fall_one_cm":4025,"minecraft:damage_resisted":220,"minecraft:sprint_one_cm":236533,"minecraft:drop":166,"minecraft:talked_to_villager":7,"minecraft:player_kills":2,"minecraft:crouch_one_cm":94094,"tombstone:villager_killed":3,"minecraft:mob_kills":25,"minecraft:items_inserted":26876,"minecraft:walk_one_cm":748016,"minecraft:damage_taken":15686},"minecraft:killed_by":{"minecraft:phantom":1},"minecraft:mined":{"occultism:spirit_fire":2,"minecraft:white_bed":3,"create:andesite_casing":16,"botania:livingwood_log":8,"chipped:oak_large_diamond_glass":4,"botania:black_double_flower":22,"create:rotation_speed_controller":1,"create:belt":3,"minecraft:hopper":12,"allthecompressed:sand_1x":1,"minecraft:fire":12,"minecraft:barrel":13,"minecraft:cobbled_deepslate":33,"minecraft:moss_carpet":2,"framedblocks:framed_slope_edge":1,"framedblocks:framed_prism_corner":1,"minecraft:oak_sign":1,"minecraft:oak_stairs":3,"create:gearshift":1,"occultism:otherworld_leaves_natural":53,"ae2:pattern_provider":1,"create:cogwheel":62,"draconicevolution:entity_detector":4,"framedblocks:framed_corner_slope":3,"allthecompressed:cobbled_deepslate_1x":23,"rechiseled:diorite_bricks":4,"chipped:cross_laced_spruce_planks":21,"create:sticky_mechanical_piston":6,"framedblocks:framed_stacked_slope_edge":3,"create:brass_belt_funnel":1,"exdeorum:oak_barrel":2,"create:stressometer":2,"allthecompressed:cobblestone_1x":53,"framedblocks:framed_slab_edge":3,"create:clutch":2,"fluxnetworks:flux_controller":1,"framedblocks:framed_double_corner":1,"create:fluid_tank":2,"minecraft:redstone_wire":3,"occultism:sacrificial_bowl":2,"create:shaft":45,"allthecompressed:diorite_1x":9,"mekanism:ultimate_mechanical_pipe":2,"occultism:otherstone":2,"minecraft:cobblestone_slab":4,"create:chute":7,"allthecompressed:andesite_1x":6,"create:deployer":1,"alltheores:silver_ore":1,"minecraft:oak_slab":2,"exdeorum:infested_leaves":291,"create:fluid_pipe":1,"create:mechanical_pump":1,"chipped:carpenters_table":1,"minecraft:copper_ore":1,"xnet:netcable":23,"create:redstone_link":10,"create:mechanical_saw":5,"create:blaze_burner":1,"create:gearbox":7,"create:mechanical_bearing":3,"minecraft:gravel":366,"minecraft:oak_button":13,"mekanism:ultimate_logistical_transporter":5,"minecraft:gold_ore":2,"ae2:cable_bus":51,"thermal:device_collector":3,"minecraft:oak_sapling":3,"minecraft:farmland":10,"minecraft:cobblestone_stairs":25,"minecraft:spruce_trapdoor":3,"minecraft:grass_block":181,"integrateddynamics:squeezer":1,"occultism:datura":5,"framedblocks:framed_slope":20,"minecraft:iron_ore":8,"ars_nouveau:archwood_button":2,"exdeorum:oak_sieve":9,"translocators:crafting_grid":1,"create:mechanical_piston_head":1,"framedblocks:framed_vertical_double_stairs":1,"framedblocks:framed_vertical_sloped_stairs":3,"minecraft:blackstone":37,"fluxnetworks:flux_point":6,"endertanks:ender_tank":1,"framedblocks:framed_elevated_slope_edge":26,"framedblocks:framed_stairs":13,"minecraft:chest":7,"create:brass_casing":1,"minecraft:cobblestone":287,"minecraft:oak_planks":269,"mekanism:elite_fluid_tank":2,"framedblocks:framed_sloped_stairs":3,"clickmachine:auto_clicker":5,"enderchests:ender_chest":3,"allthecompressed:granite_1x":3,"minecraft:oak_log":405,"create:sequenced_gearshift":2,"minecraft:sand":8,"minecraft:dirt":108,"create:encased_chain_drive":11,"occultism:otherworld_log_natural":31,"minecraft:oak_leaves":195,"create:brass_funnel":4,"framedblocks:framed_panel":4,"allthecompressed:blackstone_1x":29,"minecraft:lever":14,"create:large_cogwheel":35,"occultism:chalk_glyph_purple":1,"minecraft:furnace":2,"itemcollectors:advanced_collector":1,"minecraft:stripped_oak_log":21,"minecraft:stone":161,"create:piston_extension_pole":5,"pipez:item_pipe":3,"xnet:connector":3,"minecraft:oak_wood":2,"botania:white_double_flower":21,"framedblocks:framed_vertical_stairs":15,"projecte:transmutation_table":1,"botania:open_crate":2,"create:smart_chute":1,"framedblocks:framed_inner_corner_slope":4,"allthecompressed:basalt_1x":7,"create:andesite_encased_shaft":1},"minecraft:crafted":{"minecraft:black_dye":64,"gateways:gate_pearl":4,"minecraft:yellow_wool":1,"minecraft:smooth_stone":3,"immersiveengineering:hammer":3,"allthecompressed:basalt_1x":23,"minecraft:oak_pressure_plate":1,"pipez:item_pipe":16,"alltheores:silver_ore":13,"ironfurnaces:iron_furnace":1,"forbidden_arcanus:deorum_ingot":9,"minecraft:lever":1,"allthecompressed:cobbled_deepslate_1x":23,"occultism:sacrificial_bowl":16,"minecraft:granite":138,"create:vertical_gearbox":6,"create:rotation_speed_controller":1,"projecte:dark_matter_block":2,"minecraft:diamond_helmet":1,"mekanism:mekasuit_pants":1,"occultism:brush":1,"minecraft:diamond_leggings":1,"sophisticatedbackpacks:copper_backpack":1,"create:mechanical_press":1,"minecraft:end_stone":48,"projecte:transmutation_table":1,"create:brass_funnel":2,"minecraft:black_wool":1,"create:cogwheel":86,"framedblocks:framed_prism_corner":1,"framedblocks:framed_stairs":85,"occultism:candle_white":8,"xnet:controller":1,"draconicevolution:entity_detector_advanced":2,"create:rose_quartz":64,"exdeorum:oak_barrel":1,"tiab:time_in_a_bottle":1,"minecraft:gravel":1,"sophisticatedbackpacks:advanced_feeding_upgrade":1,"ae2:brown_covered_cable":32,"minecraft:copper_ingot":31,"minecraft:oak_wood":15,"create:attribute_filter":2,"ae2:crafting_card":1,"create:encased_chain_drive":6,"create:redstone_link":2,"create:mechanical_mixer":1,"alltheores:copper_plate":37,"create:clutch":2,"ae2:cable_pattern_provider":3,"create:gearbox":9,"botania:open_crate":2,"framedblocks:framed_sloped_stairs":1,"exdeorum:flint_mesh":9,"constructionwand:stone_wand":3,"occultism:chalk_gold_impure":1,"minecraft:iron_block":2,"create:large_cogwheel":70,"mekanism:advanced_fluid_tank":3,"buildinggadgets2:gadget_copy_paste":1,"minecraft:elytra":1,"enderio:conduit_binder_composite":104,"integrateddynamics:part_inventory_reader":1,"integrateddynamics:crystalized_menril_chunk":180,"minecraft:golden_carrot":1,"framedblocks:framed_elevated_slope_edge":16,"minecraft:stone_shovel":3,"alltheores:brass_dust":64,"minecraft:smooth_stone_slab":6,"framedblocks:framed_slab_edge":6,"minecraft:cobbled_deepslate":240,"mekanism:mekasuit_bodyarmor":1,"create:smart_chute":3,"occultism:book_of_binding_bound_djinni":6,"integrateddynamics:variable_transformer_output":4,"allthecompressed:cobblestone_1x":53,"alltheores:brass_plate":5,"botania:black_petal":24,"alltheores:copper_ore_hammer":1,"minecraft:basalt":358,"minecraft:netherrack":192,"alltheores:tin_ore":15,"botania:white_petal":24,"pickletweaks:coal_piece":8,"allthecompressed:andesite_1x":14,"minecraft:stone_pickaxe":1,"minecraft:diamond_boots":1,"occultism:book_of_binding_djinni":6,"integrateddynamics:portable_logic_programmer":1,"create:electron_tube":22,"alltheores:platinum_ore":2,"create:belt_connector":5,"exdeorum:iron_mesh":9,"framedblocks:framed_hammer":1,"integrateddynamics:variable":6,"constructionwand:diamond_wand":1,"minecraft:tuff":90,"simplemagnets:basicmagnet":1,"angelring:angel_ring":1,"minecraft:calcite":91,"create:mechanical_piston":1,"draconicevolution:entity_detector":2,"create:goggles":1,"sophisticatedbackpacks:gold_backpack":1,"exdeorum:compressed_stone_hammer":1,"framedblocks:framed_vertical_double_stairs":1,"alltheores:iron_plate":37,"occultism:dictionary_of_spirits":8,"itemcollectors:advanced_collector":1,"exdeorum:crook":4,"enderio:redstone_conduit":8,"create:speedometer":2,"minecraft:oak_log":18,"functionalstorage:diamond_upgrade":4,"minecraft:cobblestone":773,"integrateddynamics:cable":21,"framedblocks:framed_half_slope":2,"mob_grinding_utils:nutritious_chicken_feed":1,"minecraft:blackstone":327,"minecraft:oak_stairs":64,"framedblocks:framed_slab":6,"minecraft:armor_stand":1,"allthecompressed:blackstone_1x":29,"create:shaft":248,"integrateddynamics:logic_programmer":1,"mekanism:mekasuit_helmet":1,"minecraft:soul_sand":63,"ae2:brown_covered_dense_cable":56,"occultism:divination_rod":1,"minecraft:oak_planks":180,"occultism:book_of_binding_empty":7,"botania:livingwood_planks":16,"minecraft:cobblestone_slab":486,"minecraft:barrel":1,"ars_nouveau:archwood_planks":4,"framedblocks:framed_double_corner":1,"occultism:chalk_white_impure":3,"alltheores:copper_dust":16,"mekanism:atomic_disassembler":1,"minecraft:sand":385,"integrateddynamics:facade":43,"minecraft:cobblestone_stairs":196,"forbidden_arcanus:deorum_block":1,"minecraft:stone":3,"exdeorum:unfired_porcelain_crucible":2,"create:mechanical_bearing":1,"create:deployer":7,"alltheores:osmium_ore":12,"minecraft:green_dye":30,"integrateddynamics:part_inventory_writer":1,"integratedtunnels:part_interface_item":12,"angelring:diamond_ring":1,"alltheores:aluminum_ore":9,"alltheores:nickel_ore":8,"ars_nouveau:archwood_button":2,"framedblocks:framed_slope_edge":60,"functionalstorage:gold_upgrade":2,"occultism:book_of_binding_foliot":1,"minecraft:chest":10,"ae2:wireless_crafting_terminal":1,"clickmachine:auto_clicker":6,"minecraft:copper_block":10,"minecraft:oak_button":1,"mekanism:basic_fluid_tank":1,"minecraft:netherite_upgrade_smithing_template":12,"occultism:golden_sacrificial_bowl":2,"exdeorum:stone_hammer":10,"exdeorum:porcelain_crucible":0,"create:brass_hand":7,"minecraft:dropper":6,"integrateddynamics:squeezer":1,"create:depot":3,"minecraft:oak_slab":7,"sophisticatedbackpacks:backpack":1,"minecraft:crafting_table":1,"framedblocks:framed_slope":48,"minecraft:spruce_planks":576,"projecte:mobius_fuel":288,"create:mechanical_saw":1,"minecraft:gold_ore":10,"create:piston_extension_pole":32,"minecraft:red_wool":1,"framedblocks:framed_vertical_sloped_stairs":1,"simplemagnets:advancedmagnet":1,"sophisticatedbackpacks:feeding_upgrade":1,"chipped:carpenters_table":1,"minecraft:diorite":144,"alltheores:lead_ore":12,"create:stressometer":1,"exdeorum:oak_crucible":1,"create:sequenced_gearshift":1,"ae2:facade":8,"minecraft:book":99,"minecraft:charcoal":17,"create:super_glue":1,"minecraft:stick":707,"minecraft:iron_ingot":21,"thermal:item_filter_augment":1,"minecraft:iron_ore":23,"framedblocks:framed_inner_corner_slope":3,"exdeorum:oak_sieve":9,"occultism:butcher_knife":1,"ae2:export_bus":1,"integrateddynamics:part_redstone_writer":3,"create:empty_blaze_burner":5,"buildinggadgets2:gadget_exchanging":1,"create:chute":4,"minecraft:coarse_dirt":7,"occultism:chalk_purple_impure":1,"framedblocks:framed_wrench":1,"framedblocks:framed_vertical_stairs":24,"create:steam_engine":6,"minecraft:furnace":3,"pickletweaks:charcoal_piece":15,"projecte:aeternalis_fuel":130,"alltheores:gold_plate":10,"exdeorum:string_mesh":9,"create:pulse_extender":1,"create:fluid_tank":12,"allthecompressed:diorite_1x":15,"integrateddynamics:part_redstone_reader":2,"mekanism:elite_fluid_tank":2,"create:basin":1,"alltheores:brass_nugget":27,"projecte:volcanite_amulet":1,"minecraft:glistering_melon_slice":2,"sophisticatedbackpacks:iron_backpack":1,"occultism:spirit_attuned_crystal":4,"minecraft:red_dye":12,"allthecompressed:granite_1x":3,"framedblocks:framed_corner_slope":3,"enderio:void_chassis":1,"alltheores:zinc_ore":3,"pickletweaks:flint_shears":1,"framedblocks:framed_panel":3,"minecraft:copper_ore":25,"create:sticky_mechanical_piston":1,"mekanism:ultimate_fluid_tank":1,"minecraft:air":3649,"mekanism:mekasuit_boots":1,"exdeorum:porcelain_clay_ball":5,"projecte:alchemical_coal":1152,"framedblocks:framed_stacked_slope_edge":26,"integrateddynamics:variable_transformer_input":12,"create:whisk":1,"framedblocks:framed_cube":236,"minecraft:white_dye":66,"darkutils:charm_sleep":1,"alltheores:iron_dust":30,"integratedtunnels:part_importer_item":4,"occultism:book_of_binding_bound_foliot":1,"minecraft:andesite":135,"cookingforblockheads:sink":1,"darkutils:tome_enchanting":1,"minecraft:diamond_chestplate":1}},"DataVersion":3465}