{"stats":{"minecraft:used":{"minecraft:moss_block":67,"ae2:charger":1,"minecraft:poppy":4,"minecraft:diamond_hoe":86,"mekanism:advanced_logistical_transporter":11,"minecraft:chest":1,"minecraft:stone":40,"minecraft:iron_sword":3,"mysticalagriculture:infusion_altar":1,"mekanism:basic_logistical_transporter":3,"minecraft:soul_sand":38,"mekanism:basic_mechanical_pipe":12,"enderio:item_conduit":15,"mekanism:basic_universal_cable":9,"mekanismtools:diamond_paxel":88,"mysticalagriculture:inferium_seeds":121,"mysticalagriculture:redstone_seeds":5,"minecraft:lava_bucket":1,"alchemistry:combiner":1,"mysticalagriculture:certus_quartz_seeds":8,"itemcollectors:basic_collector":1,"ars_nouveau:green_archwood_sapling":1,"minecraft:item_frame":1,"pipez:item_pipe":3,"mekanism:advanced_universal_cable":1,"farmersdelight:hamburger":1,"mysticalagriculture:wand":13,"minecraft:stone_pickaxe":6,"minecraft:clay":29,"enderio:primitive_alloy_smelter":1,"minecraft:end_stone":27,"ae2:controller":2,"waystones:waystone":3,"ae2:drive":1,"sophisticatedstorage:iron_to_gold_tier_upgrade":1,"exdeorum:oak_barrel":3,"mysticalagriculture:coal_seeds":1,"sophisticatedstorage:chest":1,"minecraft:deepslate":1,"exmachinis:flux_hammer":3,"sophisticatedstorage:gold_to_diamond_tier_upgrade":1,"croptopia:toast":1,"functionalstorage:oak_1":3,"exmachinis:flux_sieve":3,"minecraft:bone_meal":25,"cookingforblockheads:sink":1,"mysticalagriculture:fluix_seeds":1,"minecraft:netherite_sword":1,"mekanism:configurator":133,"minecraft:redstone":1,"minecraft:torch":4,"exmachinis:flux_compactor":3,"minecraft:dirt":41,"minecraft:hopper":1,"ae2:inscriber":6,"mysticalagriculture:imperium_growth_accelerator":3,"functionalstorage:simple_compacting_drawer":8,"alchemistry:dissolver":1,"mysticalagriculture:infusion_pedestal":8,"supplementaries:pedestal":4,"expatternprovider:ex_inscriber":1,"ae2:sky_stone_block":12,"ars_nouveau:imbuement_chamber":1,"minecraft:barrel":2,"tombstone:gift":3,"minecraft:cooked_beef":15,"exdeorum:oak_sieve":13,"minecraft:wheat_seeds":1,"minecraft:water_bucket":3,"minecraft:iron_ore":2,"fluxnetworks:flux_point":3,"ars_nouveau:sconce":4,"mysticalagriculture:tertium_farmland":1,"rechiseled:cobblestone_large_squares":2,"exdeorum:dust":1,"minecraft:oak_log":1,"mysticalagriculture:dirt_seeds":2,"minecraft:apple":4,"mekanism:atomic_disassembler":225,"minecraft:diamond_pickaxe":18,"mysticalagriculture:fertilized_essence":4,"ironfurnaces:netherite_furnace":1,"allthecompressed:end_stone_1x":1,"minecraft:iron_pickaxe":23,"exdeorum:end_cake":2,"thermal:dynamo_magmatic":1,"mysticalagriculture:supremium_farmland":1,"minecraft:cobblestone":2,"ironfurnaces:emerald_furnace":1,"sophisticatedstorage:iron_chest":4,"minecraft:bucket":3,"ars_nouveau:scribes_table":3,"ae2:crafting_terminal":1},"minecraft:picked_up":{"ironfurnaces:netherite_furnace":1,"ae2:cell_component_4k":1,"exdeorum:dust":158,"minecraft:lead":5,"mysticalagriculture:coal_seeds":1,"ae2:logic_processor":4,"exdeorum:iron_ore_chunk":246,"ironfurnaces:augment_factory":1,"mysticalagriculture:prosperity_seed_base":7,"mekanism:basic_universal_cable":6,"mysticalagriculture:inferium_essence":175,"minecraft:cobbled_deepslate":1,"integrateddynamics:menril_sapling":9,"minecraft:azalea":11,"enderio:basic_item_filter":1,"thermal:spinach_seeds":4,"xycraft_world:xychorium_gem_green":32,"mekanism:basic_logistical_transporter":2,"minecraft:stick":10,"apotheosis:gem":4,"minecraft:big_dripleaf":13,"thermal:sadiroot_seeds":2,"mysticalagriculture:imperium_essence":8,"minecraft:torch":7,"mysticalagriculture:prosperity_shard":183,"mysticalagriculture:inferium_seeds":1,"tombstone:grave_dust":1,"thermal:flax_seeds":2,"ae2:drive":1,"ae2:sky_stone_block":72,"thermal:corn_seeds":2,"exdeorum:tin_ore_chunk":291,"biggerreactors:graphite_ingot":12,"thermal:radish_seeds":1,"supplementaries:ash":1,"minecraft:blaze_rod":5,"minecraft:obsidian":131,"minecraft:blaze_powder":70,"minecraft:cobblestone":698,"exdeorum:osmium_ore_chunk":117,"occultism:datura_seeds":12,"minecraft:cooked_beef":1,"mysticalagriculture:wand":2,"powah:binding_card":2,"enderio:grains_of_infinity":126,"minecraft:flint":2,"ars_elemental:yellow_archwood_sapling":4,"ars_nouveau:glyph_amplify":2,"ae2:charged_certus_quartz_crystal":45,"ae2:printed_engineering_processor":64,"ars_nouveau:scribes_table":2,"minecraft:lapis_lazuli":106,"exdeorum:nickel_ore_chunk":36,"mysticalagriculture:dirt_seeds":3,"minecraft:dirt":9,"reliquary:nebulous_heart":3,"minecraft:glass":1,"ars_nouveau:source_gem":1,"minecraft:wheat_seeds":12,"minecraft:small_dripleaf":8,"everlastingabilities:ability_totem":2,"ae2:fluix_glass_cable":1,"mysticalagriculture:soulium_dust":1,"minecraft:glowstone_dust":64,"minecraft:moss_block":64,"minecraft:oak_planks":4,"minecraft:ghast_tear":3,"thermal:bell_pepper_seeds":1,"forbidden_arcanus:growing_edelwood":5,"patchouli:guide_book":1,"xycraft_world:xychorium_gem_red":100,"exmachinis:flux_hammer":2,"mysticalagriculture:fluix_seeds":1,"exdeorum:crushed_end_stone":9,"thermal:onion_seeds":2,"rechiseled:oak_planks_large_tiles":4,"ae2:quartz_block":1,"xycraft_world:xychorium_gem_dark":72,"forbidden_arcanus:ender_pearl_fragment":27,"mysticalagriculture:master_infusion_crystal":1,"mekanism:basic_mechanical_pipe":9,"xycraft_world:xychorium_gem_light":43,"exdeorum:diamond_mesh":13,"minecraft:clay":29,"minecraft:diamond":239,"waystones:waystone":1,"minecraft:bone_meal":40,"mysticalagriculture:redstone_seeds":4,"sophisticatedbackpacks:feeding_upgrade":1,"exdeorum:copper_ore_chunk":128,"minecraft:emerald":60,"minecraft:oak_sapling":6,"exdeorum:gold_ore_chunk":226,"minecraft:diamond_pickaxe":1,"croptopia:toast":1,"functionalstorage:oak_1":3,"minecraft:azure_bluet":4,"minecraft:nether_wart":3,"minecraft:clay_ball":116,"mekanism:alloy_infused":2,"rechiseled:cobblestone_large_squares":2,"ae2:silicon_press":1,"mysticalagriculture:redstone_essence":56,"sophisticatedstorage:basic_to_iron_tier_upgrade":9,"exdeorum:oak_barrel":3,"ae2:quartz_glass":2,"megacells:sky_steel_ingot":8,"exdeorum:blackstone_pebble":3,"minecraft:cornflower":7,"minecraft:moss_carpet":12,"minecraft:netherite_sword":2,"exdeorum:zinc_ore_chunk":4,"minecraft:jungle_sapling":8,"minecraft:poppy":18,"allthecompressed:cobblestone_1x":64,"minecraft:chest":12,"minecraft:birch_sapling":5,"sophisticatedstorage:iron_chest":3,"minecraft:dark_oak_sapling":1,"minecraft:raw_iron":2,"minecraft:end_stone":39,"minecraft:stone":2,"pipez:item_pipe":3,"supplementaries:pedestal":1,"ae2:crafting_terminal":1,"powah:blank_card":4,"minecraft:redstone":366,"exmachinis:flux_sieve":2,"ae2:speed_card":12,"ars_nouveau:green_archwood_log":51,"thermal:peanut_seeds":2,"mysticalagriculture:certus_quartz_seeds":5,"powah:wrench":1,"xycraft_world:xychorium_gem_blue":63,"ae2:controller":2,"ae2:certus_quartz_dust":54,"minecraft:diamond_boots":4,"minecraft:glow_berries":17,"exmachinis:flux_compactor":2,"mekanism:advanced_logistical_transporter":7,"mysticalagriculture:fertilized_essence":4,"minecraft:leather":24,"forcecraft:force_gem":133,"ae2:fluix_crystal":22,"minecraft:oak_log":40,"enderio:item_conduit":10,"minecraft:gunpowder":71,"kubejs:universal_press":1,"tombstone:gift":1,"fluxnetworks:flux_point":3,"mekanism:salt":95,"ae2:sky_dust":52,"ars_nouveau:green_archwood_sapling":11,"exdeorum:oak_sieve":11,"minecraft:spore_blossom":6,"minecraft:iron_ingot":75,"thermal:tomato_seeds":2,"minecraft:acacia_sapling":10,"minecraft:iron_sword":2,"minecraft:flowering_azalea":4,"functionalstorage:simple_compacting_drawer":8,"powah:binding_card_dim":3,"exdeorum:lead_ore_chunk":80,"thermal:strawberry_seeds":2,"minecraft:quartz":207,"minecraft:dandelion":25,"minecraft:gravel":1864,"minecraft:amethyst_shard":84,"minecraft:spruce_sapling":1,"mekanism:atomic_disassembler":1,"thermal:green_bean_seeds":2,"forcecraft:recovery_heart":3,"exdeorum:silver_ore_chunk":12,"ars_nouveau:glyph_light":1,"thermal:rice_seeds":3,"forbidden_arcanus:arcane_crystal":34,"cookingforblockheads:sink":1,"exdeorum:aluminum_ore_chunk":95,"immersiveengineering:seed":46,"mekanism:advanced_universal_cable":2,"ae2:inscriber":5,"minecraft:cherry_sapling":1,"ironfurnaces:emerald_furnace":1,"ae2:printed_silicon":49,"minecraft:coal":107,"minecraft:mangrove_propagule":5,"minecraft:hopper":1,"enderio:conduit_binder":16,"minecraft:ender_pearl":14},"minecraft:crafted":{"ae2:sky_stone_block":0,"ae2:cell_component_4k":6,"minecraft:oak_planks":328,"matc:prudentium_crystal":1,"mysticalagriculture:imperium_gemstone":1,"ae2:controller":1,"ars_nouveau:archwood_planks":52,"mekanism:configurator":1,"enderio:basic_item_filter":2,"waystones:waystone":3,"minecraft:zombie_head":5,"minecraft:stone":0,"ae2:speed_card":8,"ae2:item_storage_cell_4k":5,"fluxnetworks:flux_point":1,"matc:supremium_crystal":1,"sophisticatedstorage:stack_upgrade_tier_1":1,"alchemistry:dissolver":1,"sophisticatedstorage:stack_upgrade_tier_3":1,"sophisticatedstorage:gold_to_diamond_tier_upgrade":1,"minecraft:green_dye":0,"ae2:silicon_press":1,"mysticalagriculture:supremium_farmland":1,"enderio:item_conduit":16,"mysticalagriculture:prosperity_seed_base":9,"minecraft:hopper":3,"thermal:dynamo_magmatic":1,"minecraft:diamond_helmet":1,"minecraft:diamond_leggings":1,"alltheores:silver_ingot":0,"ae2:drive":1,"exmachinis:diamond_upgrade":6,"minecraft:comparator":1,"minecraft:cyan_terracotta":8,"enderio:primitive_alloy_smelter":1,"mysticalagriculture:tertium_essence":622,"sophisticatedstorage:stack_upgrade_tier_4":1,"alltheores:invar_gear":1,"ae2:quartz_block":27,"minecraft:ender_eye":5,"minecraft:stone_bricks":11,"mysticalagradditions:insanium_essence":4,"mekanism:energy_tablet":1,"mysticalagriculture:inferium_gemstone":7,"minecraft:magma_block":3,"mekanism:advanced_logistical_transporter":8,"expatternprovider:ex_inscriber":1,"minecraft:item_frame":1,"ars_nouveau:sconce":5,"sophisticatedbackpacks:backpack":2,"minecraft:crafting_table":2,"ae2:fluix_dust":6,"minecraft:red_wool":10,"minecraft:red_mushroom":12,"minecraft:sticky_piston":45,"minecraft:gold_block":2,"waystones:warp_stone":3,"mysticalagriculture:supremium_essence":26,"ae2:terminal":1,"kubejs:universal_press":1,"minecraft:book":1,"minecraft:paper":6,"minecraft:diamond_pickaxe":1,"matc:imperium_crystal":1,"sophisticatedbackpacks:diamond_backpack":1,"minecraft:stick":4,"minecraft:iron_ingot":0,"allthecompressed:end_stone_1x":1,"minecraft:iron_pickaxe":1,"minecraft:iron_block":10,"minecraft:iron_ore":26,"minecraft:gold_ingot":0,"exdeorum:oak_sieve":2,"mekanism:osmium_compressor":1,"minecraft:netherite_ingot":5,"ars_nouveau:scribes_table":1,"enderio:conduit_binder_composite":8,"mysticalagriculture:imperium_essence":119,"mysticalagriculture:master_infusion_crystal":1,"mekanism:basic_logistical_transporter":8,"ae2:quartz_fiber":3,"exmachinis:flux_sieve":1,"ae2:charger":1,"ae2:certus_quartz_crystal":197,"minecraft:redstone":81,"mekanism:basic_universal_cable":8,"mysticalagriculture:tertium_farmland":1,"mysticalagriculture:inferium_farmland":1,"minecraft:diamond_hoe":1,"mysticalagriculture:infusion_pedestal":8,"ae2:formation_core":8,"ae2:logic_processor_press":1,"sophisticatedstorage:iron_chest":1,"ae2:annihilation_core":8,"mysticalagriculture:wand":2,"exmachinis:gold_upgrade":18,"minecraft:furnace":2,"minecraft:piston":64,"ae2:fluix_crystal":18,"ars_nouveau:archwood_slab":24,"minecraft:diamond_block":1,"ae2:cell_component_1k":18,"enderio:pulsating_alloy_nugget":9,"minecraft:lantern":1,"sophisticatedstorage:upgrade_base":8,"ae2:advanced_card":8,"ars_nouveau:novice_spell_book":1,"utilitarian:snad":1,"ae2:quartz_glass":64,"minecraft:ender_pearl":5,"alchemistry:combiner":1,"minecraft:diamond_boots":1,"ae2:engineering_processor_press":1,"exmachinis:flux_compactor":1,"mysticalagriculture:imperium_growth_accelerator":3,"minecraft:redstone_block":1,"ae2:inscriber":4,"sophisticatedbackpacks:iron_backpack":1,"minecraft:sugar":4,"minecraft:red_dye":8,"mysticalagriculture:prudentium_essence":2350,"mysticalagriculture:inferium_seeds":40,"simplemagnets:basicmagnet":2,"matc:inferium_crystal":7,"alltheores:osmium_ingot":0,"minecraft:cyan_dye":1,"biggerreactors:graphite_ingot":0,"exdeorum:diamond_hammer":1,"ae2:fluix_glass_cable":8,"ars_nouveau:imbuement_chamber":6,"sophisticatedstorage:iron_to_gold_tier_upgrade":1,"itemcollectors:basic_collector":1,"ae2:smooth_sky_stone_block":0,"sophisticatedbackpacks:gold_backpack":1,"ironfurnaces:augment_factory":1,"ae2:silicon":0,"crafting_on_a_stick:crafting_table":1,"minecraft:air":1227,"mysticalagriculture:prosperity_gemstone":10,"ae2:fluix_block":7,"sophisticatedstorage:chest":3,"minecraft:white_wool":8,"minecraft:cobblestone":130,"matc:tertium_crystal":1,"exdeorum:end_cake":2,"mysticalagriculture:infusion_altar":1,"minecraft:iron_shovel":1,"ae2:storage_bus":4,"mekanism:basic_mechanical_pipe":8,"sophisticatedstorage:stack_upgrade_tier_2":1,"ae2:interface":5,"ae2:crafting_terminal":1,"thermal:rf_coil":1,"ae2:calculation_processor_press":1,"minecraft:diamond_chestplate":1},"minecraft:mined":{"minecraft:farmland":1,"mekanism:advanced_universal_cable":1,"mysticalagradditions:end_prosperity_ore":29,"mysticalagriculture:coal_crop":1,"minecraft:obsidian":128,"minecraft:grass_block":3,"supplementaries:pedestal":1,"minecraft:hopper":1,"minecraft:iron_ore":2,"exmachinis:flux_compactor":2,"minecraft:azure_bluet":4,"mekanism:basic_logistical_transporter":2,"exdeorum:oak_sieve":10,"ae2:controller":2,"mysticalagriculture:redstone_crop":3,"fluxnetworks:flux_point":1,"minecraft:melon_stem":1,"ars_nouveau:light_block":8,"exmachinis:flux_hammer":2,"minecraft:clay":29,"minecraft:torch":7,"mysticalagriculture:inferium_crop":94,"minecraft:poppy":2,"minecraft:chest":1,"minecraft:cobblestone":2,"ironfurnaces:emerald_furnace":1,"ars_nouveau:scribes_table":2,"mekanism:advanced_logistical_transporter":6,"exdeorum:dust":1,"minecraft:grass":238,"minecraft:oak_log":7,"exdeorum:oak_barrel":3,"enderio:conduit":10,"minecraft:dirt":6,"mekanism:basic_universal_cable":3,"minecraft:deepslate":1,"sophisticatedstorage:iron_chest":2,"mekanism:basic_mechanical_pipe":2,"minecraft:end_stone":29,"functionalstorage:oak_1":3,"minecraft:redstone_wire":1,"ae2:inscriber":5,"minecraft:moss_block":64,"mysticalagriculture:fluix_crop":1,"ironfurnaces:netherite_furnace":1,"functionalstorage:simple_compacting_drawer":8,"ae2:sky_stone_block":12,"minecraft:stone":1,"mysticalagriculture:supremium_farmland":1,"mysticalagriculture:tertium_farmland":1,"ae2:drive":1,"ars_nouveau:green_archwood_log":51,"mysticalagriculture:certus_quartz_crop":1,"exdeorum:infested_leaves":55,"pipez:item_pipe":3,"minecraft:dandelion":25,"minecraft:cornflower":7,"exmachinis:flux_sieve":2,"minecraft:tall_grass":43,"flowerpatch:poppy_patch":4,"mysticalagriculture:imperium_growth_accelerator":2,"mysticalagriculture:dirt_crop":2,"ae2:cable_bus":1},"minecraft:killed":{"minecraft:trader_llama":1,"minecraft:enderman":29},"minecraft:custom":{"minecraft:open_barrel":12,"minecraft:eat_cake_slice":1,"minecraft:leave_game":2,"minecraft:time_since_death":321679,"minecraft:sprint_one_cm":421243,"minecraft:drop":253,"minecraft:talked_to_villager":12,"minecraft:play_time":455022,"minecraft:deaths":1,"minecraft:jump":1256,"minecraft:walk_on_water_one_cm":463,"minecraft:interact_with_furnace":73,"minecraft:traded_with_villager":17,"minecraft:sleep_in_bed":7,"minecraft:waystone_activated":3,"minecraft:damage_dealt":12323,"minecraft:crouch_one_cm":4454,"minecraft:mob_kills":30,"minecraft:inspect_hopper":3,"minecraft:items_inserted":21608,"minecraft:damage_dealt_resisted":0,"minecraft:climb_one_cm":4438,"minecraft:walk_one_cm":980417,"minecraft:sneak_time":16985,"minecraft:walk_under_water_one_cm":36,"minecraft:total_world_time":455022,"minecraft:items_extracted":6913,"minecraft:time_since_rest":64387,"minecraft:damage_taken":1742,"minecraft:fly_one_cm":238257,"minecraft:open_chest":196,"minecraft:fall_one_cm":12104},"minecraft:killed_by":{"minecraft:enderman":1},"minecraft:dropped":{"functionalstorage:void_upgrade":1,"minecraft:iron_sword":1,"ae2:controller":1,"minecraft:lapis_lazuli":6,"minecraft:diamond":176,"minecraft:ender_pearl":31,"matc:tertium_crystal":1,"exdeorum:zinc_ore_chunk":4,"exdeorum:copper_ore_chunk":17,"minecraft:lantern":1,"mekanism:atomic_disassembler":1,"thermal:corn_seeds":1,"mysticalagriculture:master_infusion_crystal":1,"everlastingabilities:ability_totem":2,"ae2:drive":1,"thermal:flax_seeds":1,"minecraft:flint":1,"exdeorum:gold_ore_chunk":66,"ae2:crafting_terminal":1,"biggerreactors:graphite_ingot":12,"exdeorum:dust":64,"powah:blank_card":4,"minecraft:amethyst_shard":20,"minecraft:iron_pickaxe":2,"mysticalagriculture:dirt_seeds":1,"exdeorum:lead_ore_chunk":14,"minecraft:gravel":837,"mysticalagriculture:inferium_farmland":1,"mysticalagriculture:wand":1,"enderio:basic_item_filter":1,"minecraft:oak_planks":3,"matc:supremium_crystal":1,"fluxnetworks:flux_point":1,"exdeorum:silver_ore_chunk":12,"ae2:charged_certus_quartz_crystal":56,"mekanism:basic_universal_cable":1,"crafting_on_a_stick:crafting_table":1,"supplementaries:ash":1,"mysticalagriculture:inferium_essence":5930,"matc:prudentium_crystal":1,"apotheosis:gem":1,"utilitarian:snad":1,"immersiveengineering:seed":19,"minecraft:quartz":211,"minecraft:iron_ingot":76,"dankstorage:dank_3":2,"minecraft:wheat_seeds":3,"allthecompressed:cobblestone_1x":512,"ae2:sky_stone_block":73,"minecraft:lead":1,"minecraft:cobblestone":592,"exdeorum:iron_ore_chunk":87,"exdeorum:osmium_ore_chunk":14,"minecraft:stick":3,"matc:imperium_crystal":1,"minecraft:torch":1,"tombstone:grave_dust":2,"ae2:fluix_glass_cable":8,"minecraft:redstone":316,"mekanism:osmium_compressor":1,"ae2:item_storage_cell_4k":5,"exdeorum:nickel_ore_chunk":27,"minecraft:stone":2,"exdeorum:tin_ore_chunk":25,"minecraft:diamond_pickaxe":2,"exdeorum:aluminum_ore_chunk":26,"powah:binding_card_dim":5,"minecraft:diamond_boots":3,"minecraft:stone_pickaxe":1,"waystones:waystone":1,"simplemagnets:basicmagnet":1}},"DataVersion":3465}