{"stats":{"minecraft:mined":{"minecraft:dragon_wall_head":1,"minecraft:white_bed":1,"create:copper_casing":64,"powah:energizing_orb":2,"forcecraft:time_torch":17,"mekanismgenerators:turbine_valve":3,"supplementaries:pedestal":2,"mekanism:purification_chamber":2,"minecraft:nether_wart":1,"minecraft:chorus_flower":9,"minecraft:polished_blackstone_bricks":687,"allthecompressed:sand_1x":389,"draconicevolution:infused_obsidian":17,"minecraft:barrel":3,"productivebees:incubator":1,"minecraft:fire":2,"pipez:fluid_pipe":4,"supplementaries:globe":1,"mekanism:basic_logistical_transporter":17,"exdeorum:crushed_end_stone":1,"immersiveengineering:metal_press":1,"mekanism:basic_enriching_factory":1,"create:cogwheel":52,"mekanism:basic_infusing_factory":2,"mekanismgenerators:turbine_vent":30,"ars_nouveau:light_block":15,"mekanism:enrichment_chamber":8,"minecraft:torch":3,"mekanism:ultimate_pressurized_tube":115,"sophisticatedstorage:diamond_chest":5,"minecraft:melon":16,"productivebees:nether_gold_nest":5,"minecraft:nether_brick_slab":19,"sophisticatedbackpacks:diamond_backpack":1,"alchemistry:dissolver":1,"minecraft:grass":124,"rechiseled:cobblestone_polished":9,"enderio:conduit":3,"immersiveengineering:conveyor_basic":1,"mekanismgenerators:fusion_reactor_controller":1,"productivebees:glowstone_nest":1,"fluxnetworks:flux_controller":1,"mekanism:qio_exporter":25,"sophisticatedstorage:iron_chest":21,"minecraft:end_stone":680,"create:fluid_tank":1,"powah:energizing_rod_hardened":1,"ae2:charger":2,"connectedglass:clear_glass":5,"productivebees:powered_centrifuge":2,"minecraft:redstone_wire":2,"mysticalagriculture:soulium_block":4,"pneumaticcraft:compressed_stone":1,"create:shaft":3,"forcecraft:force_engine":1,"rechiseled:diorite_bricks_connecting":27,"mekanism:chemical_crystallizer":7,"alltheores:end_zinc_ore":1,"draconicevolution:crafting_core":1,"minecraft:oak_slab":4,"mekanism:ultimate_induction_cell":35,"botania:lime_mystical_flower":2,"minecraft:soul_sand":7,"mysticalagriculture:certus_quartz_crop":7,"powah:energizing_rod_basic":1,"ironfurnaces:unobtainium_furnace":1,"alltheores:uranium_block":2,"minecraft:dandelion":130,"minecraft:cornflower":2,"mekanism:pressure_disperser":4,"minecraft:campfire":3,"mekanismgenerators:laser_focus_matrix":1,"minecraft:tall_grass":38,"mekanism:pressurized_reaction_chamber":3,"mekanismgenerators:turbine_rotor":12,"summoningrituals:altar":2,"minecraft:gravel":32,"minecraft:oak_button":3,"minecraft:stone_bricks":4,"productivebees:bottler":1,"ae2:cable_bus":170,"mekanism:laser_amplifier":1,"minecraft:oak_sapling":1,"minecraft:farmland":40,"mekanism:energized_smelter":4,"allthemodium:allthemodium_block":3,"mekanism:electrolytic_separator":3,"mekanism:structural_glass":241,"minecraft:brewing_stand":16,"minecraft:spruce_trapdoor":3,"mekanismgenerators:control_rod_assembly":4,"integrateddynamics:squeezer":1,"thermal:device_rock_gen":2,"minecraft:cracked_polished_blackstone_bricks":238,"mekanism:rotary_condensentrator":13,"mekanism:osmium_compressor":8,"mob_grinding_utils:absorption_hopper":1,"minecraft:gilded_blackstone":3,"ars_nouveau:arcane_core":2,"mekanism:laser":2,"minecraft:iron_bars":822,"mekanism:thermal_evaporation_valve":1,"mekanismgenerators:fission_reactor_casing":30,"mekanism:induction_casing":1205,"minecraft:quartz_block":3,"mysticalagriculture:infusion_altar":4,"create:adjustable_chain_gearshift":1,"fluxnetworks:flux_point":30,"create:brass_casing":55,"ironfurnaces:emerald_furnace":2,"minecraft:oak_planks":147,"mekanism:elite_fluid_tank":1,"cookingforblockheads:milk_jar":1,"mekanism:fluorite_ore":1,"ae2:quantum_link":2,"minecraft:oak_log":1209,"productivebees:soul_sand_nest":4,"minecraft:dirt":239,"mysticalagriculture:soulium_spawner":1,"framedblocks:framed_slab":4,"framedblocks:framed_panel":293,"allthecompressed:blackstone_1x":58,"immersiveengineering:cloche":10,"minecraft:lever":2,"minecraft:ladder":4,"minecraft:stone_button":1,"ae2:inscriber":2,"ironfurnaces:allthemodium_furnace":1,"draconicevolution:basic_crafting_injector":11,"mekanism:ultimate_induction_provider":12,"mekanism:ultimate_universal_cable":91,"thermal:dynamo_magmatic":2,"mekanism:thermal_evaporation_controller":1,"minecraft:gold_block":9,"mekanism:basic_fluid_tank":2,"mekanismgenerators:turbine_casing":335,"minecraft:stripped_oak_log":3,"mekanism:chemical_injection_chamber":3,"immersiveengineering:craftingtable":1,"ars_nouveau:purple_archwood_log":62,"mekanism:elite_universal_cable":10,"ae2:drive":6,"ars_nouveau:green_archwood_log":42,"mekanism:thermal_evaporation_block":25,"minecraft:basalt":32,"pipez:item_pipe":10,"rechiseled:oak_planks_bricks":429,"productivebees:end_stone_nest":1,"cobblefordays:tier_5":1,"productivebees:sand_nest":1,"productivebees:feeder":1,"ars_nouveau:sconce":7,"itemcollectors:basic_collector":1,"cookingforblockheads:sink":15,"productivebees:bumble_bee_nest":1,"productivebees:nether_brick_nest":2,"thermal:obsidian_glass":5,"allthecompressed:soul_sand_1x":81,"powah:energizing_rod_niotic":4,"minecraft:bee_nest":2,"mekanism:sps_casing":10,"create:mechanical_crafter":75,"rechiseled:diorite_brick_pattern_connecting":119,"mekanismgenerators:fission_fuel_assembly":6,"mekanismgenerators:wind_generator":68,"productivebees:expansion_box_oak":105,"minecraft:carved_pumpkin":7,"minecraft:obsidian":79,"minecraft:chiseled_polished_blackstone":1,"rechiseled:cobblestone_large_squares":115,"productivebees:slimy_nest":1,"minecraft:deepslate_bricks":5,"sophisticatedstorage:controller":1,"torchmaster:feral_flare_lantern":1,"minecraft:oxeye_daisy":3,"mekanism:solar_neutron_activator":13,"projecte:condenser_mk1":1,"rechiseled:cobblestone_pulverized":4,"powah:energizing_rod_starter":4,"minecraft:oak_sign":2,"mekanism:qio_dashboard":1,"botania:green_mystical_flower":2,"draconicevolution:chaotic_crafting_injector":1,"enderio:primitive_alloy_smelter":2,"mekanismgenerators:fusion_reactor_frame":14,"alltheores:uranium_ore":1754,"draconicevolution:awakened_crafting_injector":11,"framedblocks:framed_wall_board":3,"rechiseled:diorite_bricks":8,"darkutils:damage_plate_player":1,"alchemistry:combiner":1,"minecraft:glass":281,"mekanism:qio_importer":4,"mekanism:advanced_logistical_transporter":1,"immersiveengineering:cokebrick":1,"minecraft:wheat":1,"mekanismgenerators:electromagnetic_coil":10,"minecraft:stone_brick_stairs":1,"exdeorum:oak_barrel":5,"mekanismgenerators:reactor_glass":52,"allthecompressed:cobblestone_1x":225,"minecraft:piston":7,"productivebees:nether_quartz_nest":2,"alltheores:osmium_ore":4930,"mekanismgenerators:heat_generator":1,"functionalstorage:oak_1":2,"industrialforegoing:mob_duplicator":3,"mekanism:advanced_infusing_factory":3,"draconicevolution:wyvern_crafting_injector":12,"rftoolsutility:timer":9,"rechiseled:oak_planks_large_tiles_connecting":2,"mekanismgenerators:fusion_reactor_port":1,"mekanism:ultimate_mechanical_pipe":54,"alltheores:lead_ore":3705,"mekanism:superheating_element":4,"create:chute":2,"integrateddynamics:drying_basin":1,"allthecompressed:end_stone_1x":71,"minecraft:smithing_table":1,"mekanism:crusher":6,"exdeorum:infested_leaves":313,"mekanism:basic_energy_cube":5,"mekanism:elite_energy_cube":1,"framedblocks:framed_double_panel":1,"create:water_wheel":10,"flowerpatch:dandelion_patch":2,"ars_nouveau:arcane_pedestal":18,"productivebees:oak_wood_nest":25,"create:crushing_wheel":1,"minecraft:mycelium":2,"cookingforblockheads:cow_jar":1,"mekanism:ultimate_logistical_transporter":63,"ars_nouveau:imbuement_chamber":1,"rechiseled:oak_planks_large_tiles":107,"minecraft:attached_melon_stem":1,"mekanism:advanced_universal_cable":33,"mekanism:chemical_infuser":18,"minecraft:grass_block":1025,"mekanism:isotopic_centrifuge":3,"productivebees:advanced_oak_beehive":48,"mekanism:supercharged_coil":6,"minecraft:iron_ore":713,"mekanism:induction_port":8,"minecraft:azure_bluet":7,"mekanismgenerators:rotational_complex":1,"chipped:arched_leaded_glass_pillar":3,"mekanismgenerators:saturating_condenser":3,"ars_nouveau:enchanting_apparatus":3,"minecraft:end_stone_bricks":8,"ae2:controller":2,"expatternprovider:wireless_connect":2,"framedblocks:framed_trapdoor":1,"mysticalagriculture:redstone_crop":4,"framedblocks:framed_door":9,"minecraft:blackstone":917,"mekanism:elite_enriching_factory":1,"minecraft:clay":64,"mysticalagriculture:inferium_crop":66,"minecraft:poppy":7,"minecraft:chest":5,"hyperbox:hyperbox":1,"minecraft:cobblestone":571,"minecraft:birch_wood":3,"ars_nouveau:scribes_table":2,"minecraft:birch_log":2,"exdeorum:stone_barrel":6,"minecraft:purpur_block":17,"create:spout":1,"rechiseled:blackstone_diagonal_bricks_connecting":1,"mekanism:chemical_oxidizer":7,"minecraft:sand":8,"create:encased_chain_drive":1,"minecraft:wither_skeleton_skull":3,"powah:magmator_starter":6,"mekanism:basic_universal_cable":77,"mysticalagriculture:infusion_pedestal":28,"minecraft:oak_leaves":673,"productivebees:snow_nest":3,"powah:energizing_rod_blazing":3,"mekanism:basic_mechanical_pipe":13,"sophisticatedstorage:netherite_chest":3,"create:large_cogwheel":2,"torchmaster:dreadlamp":1,"mekanism:chemical_dissolution_chamber":1,"minecraft:furnace":1,"thermal:machine_pulverizer":10,"minecraft:chorus_plant":2,"immersiveengineering:rs_engineering":1,"exdeorum:porcelain_crucible":4,"ae2:quantum_ring":14,"minecraft:crafting_table":1,"expatternprovider:ex_inscriber":1,"minecraft:blackstone_slab":7,"allthecompressed:gravel_1x":654,"darkutils:vector_plate_ultra":15,"minecraft:sculk_sensor":11,"mekanism:metallurgic_infuser":8,"allthecompressed:netherrack_1x":35,"botania:open_crate":1,"fluxnetworks:flux_plug":13,"minecraft:beehive":2,"allthecompressed:oak_log_1x":64,"rechiseled:cobblestone_pillar_connecting":5,"mysticalagriculture:soul_extractor":1},"minecraft:custom":{"minecraft:interact_with_crafting_table":59,"minecraft:play_time":3725938,"minecraft:deaths":49,"minecraft:jump":5680,"tombstone:kill_undead_boss":2,"tombstone:undead_killed":72,"minecraft:horse_one_cm":763,"minecraft:interact_with_anvil":17,"minecraft:inspect_hopper":1,"tombstone:raider_killed":7,"minecraft:time_since_rest":96965,"minecraft:open_chest":679,"minecraft:damage_resisted":0,"minecraft:talked_to_villager":94,"minecraft:interact_with_brewingstand":33,"tombstone:villager_killed":40,"minecraft:interact_with_campfire":1,"minecraft:items_inserted":318926,"minecraft:damage_dealt_resisted":161,"minecraft:damage_taken":2147483647,"minecraft:open_barrel":173,"minecraft:leave_game":20,"minecraft:time_since_death":97076,"minecraft:interact_with_furnace":241,"minecraft:traded_with_villager":88,"minecraft:sleep_in_bed":23,"minecraft:waystone_activated":14,"minecraft:damage_dealt":357036,"minecraft:interact_with_smithing_table":7,"minecraft:sneak_time":66366,"minecraft:total_world_time":3725938,"minecraft:items_extracted":144193,"minecraft:use_wand":29208,"tombstone:cast_on_ally":3,"minecraft:fly_one_cm":27777723,"minecraft:fall_one_cm":1132080,"lootr:looted_stat":22,"minecraft:animals_bred":16,"minecraft:sprint_one_cm":7404227,"minecraft:drop":8930,"minecraft:walk_on_water_one_cm":6799,"minecraft:open_enderchest":1,"minecraft:player_kills":14,"minecraft:crouch_one_cm":53600,"minecraft:mob_kills":878,"minecraft:climb_one_cm":15389,"minecraft:walk_one_cm":6068316,"minecraft:damage_absorbed":783},"minecraft:killed_by":{"minecraft:zombie":1,"draconicevolution:guardian_wither":1,"forcecraft:angry_enderman":2,"minecraft:player":7,"minecraft:enderman":4,"draconicevolution:draconic_guardian":25,"minecraft:phantom":1},"minecraft:used":{"productivebees:expansion_box_oak":153,"minecraft:poppy":3,"allthecompressed:blackstone_1x":58,"mekanism:advanced_logistical_transporter":8,"mekanism:basic_logistical_transporter":17,"mekanism:ultimate_thermodynamic_conductor":4,"draconicevolution:wyvern_chestpiece":1,"fluxnetworks:flux_plug":23,"minecraft:soul_sand":17,"mekanism:ultimate_pressurized_tube":459,"pneumaticcraft:compressed_stone":3,"minecraft:azure_bluet":12,"powah:energizing_rod_nitro":3,"mekanism:basic_energy_cube":6,"immersiveengineering:rs_engineering":2,"mysticalagriculture:redstone_seeds":6,"powah:blazing_crystal_block":5,"ae2:quantum_ring":38,"minecraft:lava_bucket":14,"minecraft:quartz_block":3,"framedblocks:framed_panel":548,"summoningrituals:altar":3,"minecraft:bow":11,"create:shaft":4,"minecraft:oak_sapling":44,"forcecraft:force_sword":22,"productivebees:nether_gold_nest":6,"tiab:time_in_a_bottle":549,"rechiseled:cobblestone_polished":10,"minecraft:blackstone":1,"mekanismgenerators:fusion_reactor_frame":50,"minecraft:clay":64,"ae2:facade":2,"mekanism:basic_infusing_factory":2,"mekanismgenerators:turbine_vent":231,"mekanismgenerators:reactor_glass":1278,"pickletweaks:emerald_sword":89,"draconicevolution:awakened_crafting_injector":11,"darkutils:damage_plate_player":1,"sophisticatedstorage:basic_to_iron_tier_upgrade":2,"mekanism:thermal_evaporation_controller":5,"minecraft:diamond_sword":56,"create:basin":1,"minecraft:smithing_table":3,"minecraft:birch_log":2,"exdeorum:compressed_diamond_hammer":1273,"minecraft:armor_stand":1,"ae2:export_bus":41,"exdeorum:crook":313,"productivebees:spawn_egg_bumble_bee":2,"minecraft:torch":14,"mysticalagriculture:soulium_spawner":2,"minecraft:brewing_stand":23,"thermal:obsidian_glass":5,"mekanismgenerators:fission_reactor_casing":820,"mekanism:osmium_compressor":8,"mysticalagriculture:infusion_pedestal":20,"rechiseled:oak_planks_large_tiles":561,"mekanism:chemical_oxidizer":41,"immersiveengineering:workbench":1,"mekanismgenerators:heat_generator":1,"darkutils:vector_plate_ultra":15,"allthecompressed:netherrack_1x":35,"sophisticatedstorage:diamond_chest":14,"minecraft:barrel":3,"allthemodium:allthemodium_block":3,"forbidden_arcanus:orb_of_temporary_flight":1,"constructionwand:diamond_wand":286,"create:fluid_pipe":4,"mekanism:elite_fluid_tank":2,"mysticalagriculture:soul_extractor":2,"ae2:tiny_tnt":2,"mekanism:isotopic_centrifuge":16,"productivebees:nether_quartz_nest":3,"mekanism:mekasuit_helmet":2,"silentgear:axe":5,"minecraft:white_bed":2,"minecraft:campfire":4,"mekanism:thermal_evaporation_valve":16,"minecraft:diamond_pickaxe":7391,"mekanism:atomic_disassembler":16844,"ironfurnaces:netherite_furnace":1,"minecraft:oak_button":4,"ars_nouveau:arcane_pedestal":18,"draconicevolution:crafting_core":2,"mob_grinding_utils:absorption_hopper":1,"minecraft:spruce_trapdoor":2,"productivebees:nether_brick_nest":3,"mysticalagriculture:soulium_block":4,"productivebees:advanced_oak_beehive":96,"sophisticatedstorage:iron_chest":4,"mekanism:qio_exporter":45,"mekanismgenerators:saturating_condenser":667,"minecraft:stripped_oak_log":67,"mekanism:thermal_evaporation_block":574,"minecraft:dandelion":160,"productivebees:end_stone_nest":3,"minecraft:polished_deepslate":108,"mekanism:basic_fluid_tank":2,"mekanism:ultimate_infusing_factory":2,"supplementaries:globe":1,"create:cogwheel":98,"enderio:item_conduit":3,"immersiveengineering:cokebrick":28,"minecraft:beehive":2,"mekanism:chemical_injection_chamber":4,"minecraft:obsidian":69,"integrateddynamics:squeezer":1,"powah:thermo_generator_spirited":5,"mekanism:ultimate_crushing_factory":2,"rftoolsutility:timer":9,"silentgear:paxel":28,"pipez:item_pipe":2,"mysticalagriculture:wand":1,"integratedtunnels:part_interface_item":1,"industrialforegoing:mob_imprisonment_tool":72,"minecraft:wither_skeleton_skull":9,"create:crushing_wheel":3,"minecraft:stone_pickaxe":4,"minecraft:oak_planks":121,"minecraft:diamond_axe":2,"ironfurnaces:unobtainium_furnace":3,"minecraft:netherite_leggings":1,"enderio:primitive_alloy_smelter":1,"minecraft:end_stone":38,"mekanism:ultimate_induction_provider":41,"waystones:waystone":6,"ae2:drive":7,"mekanism:qio_dashboard":2,"ars_nouveau:enchanting_apparatus":3,"mekanism:crusher":6,"ars_nouveau:purple_archwood_sapling":1,"minecraft:lever":2,"mekanism:metallurgic_infuser":8,"forcecraft:force_engine":1,"mekanism:qio_drive_array":1,"tombstone:grave_key":5,"expatternprovider:ex_pattern_access_part":2,"expatternprovider:ex_pattern_provider_part":7,"mekanism:mekasuit_pants":1,"rechiseled:cobblestone_pulverized":255,"exdeorum:compressed_stone_hammer":323,"minecraft:coarse_dirt":12,"expatternprovider:ex_pattern_provider":1,"minecraft:bone_meal":35,"mekanism:jetpack":2,"create:large_cogwheel":11,"cookingforblockheads:sink":49,"powah:energizing_rod_spirited":11,"powah:reactor_nitro":2,"thermal:machine_crucible":1,"mekanism:enrichment_chamber":8,"ae2:brown_covered_cable":4,"minecraft:flint_and_steel":5,"mekanism:configurator":742,"minecraft:redstone":4,"botania:green_mystical_flower":2,"thermal:device_rock_gen":3,"mekanism:modification_station":2,"sophisticatedstorage:gold_chest":14,"mekanismgenerators:laser_focus_matrix":2,"minecraft:dirt":3739,"ae2:inscriber":6,"minecraft:bee_nest":2,"draconicevolution:draconium_chest":1,"mekanism:laser":9,"minecraft:wooden_axe":14,"ars_nouveau:imbuement_chamber":1,"exdeorum:stone_hammer":75,"torchmaster:feral_flare_lantern":7,"minecraft:pumpkin":7,"minecraft:cooked_beef":330,"forbidden_arcanus:zombie_arm":1,"framedblocks:framed_trapdoor":2,"exdeorum:compressed_iron_hammer":1,"botania:lime_mystical_flower":2,"immersiveengineering:cloche":30,"pipez:fluid_pipe":5,"fluxnetworks:flux_point":65,"ars_nouveau:sconce":6,"alltheores:uranium_block":2,"fluxnetworks:flux_controller":2,"connectedglass:clear_glass":1204,"tombstone:scroll_of_feather_fall":3,"exdeorum:stone_barrel":7,"exdeorum:dust":2240,"rechiseled:cobblestone_large_squares":123,"minecraft:piston":8,"powah:energizing_rod_niotic":8,"immersiveengineering:heavy_engineering":2,"mekanism:ultimate_enriching_factory":3,"rechiseled:diorite_brick_pattern_connecting":146,"create:mechanical_press":1,"allthecompressed:end_stone_1x":70,"productivebees:obsidian_nest":2,"mekanism:structural_glass":1016,"hyperbox:hyperbox":1,"mekanism:energized_smelter":4,"thermal:dynamo_magmatic":1,"powah:energizing_rod_basic":1,"mekanismgenerators:fusion_reactor_port":8,"mekanism:solar_neutron_activator":26,"minecraft:end_crystal":4,"minecraft:sea_pickle":1,"mekanism:advanced_infusing_factory":3,"mekanism:mekasuit_bodyarmor":9,"rechiseled:diorite_bricks_connecting":582,"ae2:charger":2,"mekanism:pressure_disperser":236,"minecraft:chest":12,"productivebees:snow_nest":4,"draconicevolution:draconic_chestpiece":3,"immersiveengineering:craftingtable":1,"create:fluid_tank":1,"create:mechanical_crafter":76,"ae2:import_bus":7,"create:depot":1,"sophisticatedstorage:netherite_chest":3,"mekanism:ultimate_smelting_factory":2,"mekanismgenerators:turbine_rotor":29,"alltheores:lead_ore":3712,"mekanism:advanced_mechanical_pipe":4,"minecraft:grass_block":24,"constructionwand:infinity_wand":1035,"minecraft:furnace":1,"minecraft:egg":1,"mekanism:advanced_universal_cable":12,"ars_nouveau:green_archwood_log":42,"powah:magmator_starter":6,"industrialforegoing:mob_duplicator":4,"mekanism:induction_port":14,"ae2:brown_smart_dense_cable":1,"ae2:storage_bus":1,"minecraft:oak_leaves":1,"create:spout":2,"elevatorid:elevator_white":3,"mekanism:chemical_dissolution_chamber":6,"minecraft:sand":8,"mekanism:laser_amplifier":3,"productivebees:glowstone_nest":2,"ae2:controller":2,"immersiveengineering:hammer":4,"framedblocks:framed_wall_board":4,"minecraft:stone_button":3,"create:adjustable_chain_gearshift":2,"mekanism:rotary_condensentrator":25,"minecraft:wooden_sword":1,"exdeorum:oak_crucible":2,"mekanism:supercharged_coil":12,"productivebees:sand_nest":2,"productivebees:incubator":2,"productivebees:powered_centrifuge":2,"powah:energizing_orb":5,"powah:energizing_rod_starter":6,"ars_nouveau:arcane_core":2,"framedblocks:framed_slab":3,"farmingforblockheads:market":1,"minecraft:dragon_egg":8,"minecraft:anvil":4,"mekanismgenerators:control_rod_assembly":142,"minecraft:chorus_flower":2,"draconicevolution:draconic_bow":950,"supplementaries:pedestal":2,"mekanism:sps_port":8,"allthecompressed:soul_sand_1x":81,"create:wrench":108,"minecraft:iron_axe":12,"expatternprovider:ex_inscriber":1,"mekanism:purification_chamber":2,"mekanism:radioactive_waste_barrel":13,"minecraft:melon_seeds":2,"create:encased_chain_drive":1,"mekanism:mekasuit_boots":1,"integrateddynamics:cable":1,"minecraft:totem_of_undying":4,"tombstone:gift":10,"exdeorum:oak_sieve":1,"mekanism:elite_enriching_factory":1,"minecraft:water_bucket":18,"thermal:machine_pulverizer":17,"rechiseled:blackstone_diagonal_bricks_connecting":1,"integrateddynamics:drying_basin":1,"ae2:quantum_link":5,"minecraft:crafting_table":3,"minecraft:oak_slab":25,"powah:energizing_rod_blazing":4,"mekanism:basic_enriching_factory":1,"powah:player_transmitter_nitro":5,"minecraft:oak_log":2002,"mekanism:induction_casing":3769,"mekanismgenerators:turbine_valve":10,"minecraft:oxeye_daisy":2,"minecraft:iron_pickaxe":21,"allthecompressed:gravel_1x":654,"productivebees:spawn_egg_configurable_bee":2,"mekanism:ultimate_chemical_tank":7,"allthecompressed:sand_1x":389,"productivebees:bumble_bee_nest":2,"create:water_wheel":10,"ae2:fluix_glass_cable":238,"mekanism:fluorite_ore":1,"draconicevolution:wyvern_sword":10,"minecraft:cobblestone":1185,"immersiveengineering:steel_scaffolding_standard":2,"projecte:condenser_mk1":1,"mekanism:resistive_heater":4,"rechiseled:oak_planks_bricks":1143,"rechiseled:oak_planks_large_tiles_connecting":1,"minecraft:oak_sign":9,"alltheores:uranium_ore":1754,"minecraft:iron_sword":5,"mysticalagriculture:infusion_altar":3,"allthecompressed:cobblestone_1x":226,"thermal:machine_bottler":1,"mekanismgenerators:rotational_complex":3,"mekanism:basic_mechanical_pipe":42,"mekanism:basic_universal_cable":110,"mysticalagriculture:inferium_seeds":39,"sophisticatedbackpacks:diamond_backpack":1,"minecraft:glass":425,"mekanismgenerators:wind_generator":117,"mekanismgenerators:electromagnetic_coil":26,"mekanism:ultimate_mechanical_pipe":467,"productivebees:bottler":1,"framedblocks:framed_door":18,"minecraft:ender_pearl":13,"mekanismgenerators:fusion_reactor_controller":2,"cookingforblockheads:milk_jar":1,"minecraft:shears":243,"enderio:dark_steel_sword":31,"exdeorum:oak_barrel":4,"draconicevolution:wyvern_crafting_injector":12,"forcecraft:time_torch":17,"minecraft:gravel":278,"croptopia:toast":1,"mekanism:ultimate_logistical_transporter":185,"mekanismgenerators:fission_fuel_assembly":1956,"exdeorum:crushed_end_stone":176,"exdeorum:mycelium_spores":3,"immersiveengineering:conveyor_basic":4,"allthecompressed:oak_log_1x":64,"farmersdelight:diamond_knife":3,"productivebees:soul_sand_nest":5,"powah:player_transmitter_starter":3,"expatternprovider:wireless_connect":2,"alltheores:osmium_ore":4940,"mekanismgenerators:fission_reactor_port":32,"exdeorum:silk_worm":4,"create:chute":9,"rechiseled:diorite_bricks":706,"mekanism:quantum_entangloporter":2,"draconicevolution:chaotic_crafting_injector":12,"productivebees:slimy_nest":2,"mekanism:pressurized_reaction_chamber":10,"mekanism:electrolytic_separator":11,"draconicevolution:draconic_sword":427,"productivebees:oak_wood_nest":25,"minecraft:iron_ore":969,"mekanism:electric_pump":10,"minecraft:glass_bottle":88,"mekanism:ultimate_induction_cell":108,"mekanism:ultimate_universal_cable":459,"minecraft:netherite_chestplate":1,"mekanism:chemical_infuser":38,"exdeorum:crushed_blackstone":515,"mekanismgenerators:turbine_casing":958,"powah:energizing_rod_hardened":2,"tombstone:bag_of_seeds":2,"mekanism:qio_importer":5,"mekanism:ultimate_compressing_factory":2,"minecraft:apple":1,"mekanism:sps_casing":70,"mekanism:chemical_crystallizer":11,"mekanism:elite_energy_cube":1,"draconicevolution:basic_crafting_injector":11,"minecraft:bucket":27,"ars_nouveau:scribes_table":2,"ae2:crafting_terminal":3},"minecraft:broken":{"constructionwand:diamond_wand":4,"pickletweaks:reinforced_night_vision_goggles":2,"exdeorum:crook":2,"create:sand_paper":1},"minecraft:picked_up":{"minecraft:lead":78,"productivebees:powered_centrifuge":2,"create:spout":1,"minecraft:smithing_table":1,"projecte:condenser_mk1":1,"ae2:logic_processor":39,"minecraft:enchanted_book":7,"rechiseled:oak_planks_bricks":665,"alltheores:uranium_ore":9383,"xycraft_world:xychorium_storage_green":5,"sophisticatedstorage:stack_upgrade_tier_4":1,"mysticalagriculture:prosperity_seed_base":2,"minecraft:string":604,"connectedglass:clear_glass":9,"alltheores:nickel_ingot":1031,"alltheores:lead_ingot":3,"rechiseled:oak_planks_woven":31,"enderio:pulsating_alloy_nugget":3,"mekanismgenerators:fusion_reactor_controller":1,"mysticalagriculture:infusion_altar":4,"enderio:basic_item_filter":2,"wstweaks:fragment":28,"mekanism:basic_logistical_transporter":17,"immersiveengineering:shader_bag_epic":2,"projecte:alchemical_coal_block":1,"powah:energizing_orb":2,"mekanism:ultimate_induction_provider":17,"mekanism:advanced_infusing_factory":3,"thermal:sadiroot_seeds":4,"mysticalagriculture:prosperity_shard":19,"powah:book":3,"mysticalagriculture:inferium_seeds":1,"thermal:apatite":125,"forcecraft:force_pack_upgrade":1,"minecraft:stone_sword":1,"forcecraft:freezing_core":3,"minecraft:honey_bottle":13,"ars_nouveau:arcane_core":2,"productivebees:soul_sand_nest":4,"ars_nouveau:imbuement_chamber":1,"minecraft:carved_pumpkin":7,"minecraft:glowstone":1,"rechiseled:diorite_brick_pattern_connecting":119,"supplementaries:ash":11,"minecraft:blaze_rod":63,"minecraft:iron_bars":701,"minecraft:snowball":16,"silentgear:paxel":1,"minecraft:dune_armor_trim_smithing_template":2,"minecraft:cooked_beef":128,"forbidden_arcanus:dragon_scale":5,"minecraft:water_bucket":20,"mysticalagriculture:prosperity_gemstone":2,"integrateddynamics:crystalized_menril_chunk":123,"minecraft:flint":1474,"ars_elemental:yellow_archwood_sapling":7,"productivebees:nether_gold_nest":5,"exdeorum:nickel_ore_chunk":135,"ae2:quantum_entangled_singularity":4,"mekanism:alloy_reinforced":3,"refinedstorage:crafting_upgrade":1,"ae2:fluix_glass_cable":158,"rechiseled:cobblestone_polished":9,"mekanism:basic_infusing_factory":2,"apotheosis:mythic_material":6,"minecraft:honeycomb":56,"mekanism:chemical_oxidizer":7,"mekanism:chemical_infuser":18,"mekanism:mekasuit_boots":1,"mekanism:qio_dashboard":1,"thermal:charcoal_block":3,"patchouli:guide_book":8,"integrateddynamics:variable_transformer_output":4,"forcecraft:heat_core":3,"exdeorum:flint_mesh":1,"ae2:formation_core":2,"mysticalagradditions:withering_soul":15,"thermal:device_rock_gen":11,"botania:green_petal":6,"projecte:repair_talisman":1,"minecraft:iron_hoe":1,"mekanismgenerators:turbine_vent":28,"exdeorum:diamond_mesh":1,"powah:energizing_rod_niotic":5,"mekanism:induction_casing":1201,"minecraft:lever":1,"minecraft:granite":13,"ae2:item_storage_cell_4k":35,"minecraft:cyan_dye":3,"immersiveengineering:conveyor_basic":6,"minecraft:diamond_pickaxe":1,"ae2:silicon":36,"croptopia:toast":8,"exdeorum:gold_ore_chunk":11,"alltheores:osmium_ingot":11,"minecraft:bee_nest":4,"productivebees:slimy_nest":1,"minecraft:clay_ball":267,"mekanismgenerators:laser_focus_matrix":1,"mob_grinding_utils:absorption_hopper":1,"draconicevolution:draconic_bow":1,"minecraft:dragon_head":1,"minecraft:purpur_block":13,"minecraft:cornflower":2,"exdeorum:granite_pebble":138,"mekanism:mekasuit_helmet":1,"botania:endoflame":1,"mekanism:pressurized_reaction_chamber":3,"pipez:advanced_upgrade":1,"minecraft:white_carpet":2,"minecraft:glass_pane":11,"exdeorum:porcelain_water_bucket":1,"botania:pure_daisy":2,"exdeorum:zinc_ore_chunk":469,"rechiseled:cobblestone_worn_stripes_connecting":2,"immersiveengineering:treated_fence":2,"minecraft:poppy":7,"mekanism:structural_glass":214,"minecraft:birch_sapling":16,"minecraft:piston":7,"croptopia:scrambled_eggs":3,"minecraft:copper_ore":137,"darkutils:charm_portal":1,"ars_nouveau:purple_archwood_log":62,"minecraft:stone":41,"ironfurnaces:unobtainium_furnace":1,"pipez:item_pipe":10,"sophisticatedbackpacks:backpack":1,"minecraft:fire_charge":2,"cookingforblockheads:milk_jar":1,"minecraft:netherite_pickaxe":1,"ironjetpacks:jetpack":1,"powah:energizing_rod_nitro":1,"mekanism:crusher":6,"minecraft:diamond_chestplate":1,"minecraft:stone_shovel":1,"mekanism:elite_enriching_factory":1,"mekanism:osmium_compressor":9,"mekanism:chemical_injection_chamber":2,"exdeorum:andesite_pebble":154,"immersiveengineering:rs_engineering":4,"minecraft:totem_of_undying":1,"sophisticatedbackpacks:copper_backpack":1,"forcecraft:claw":4,"minecraft:oxeye_daisy":6,"projecte:low_covalence_dust":33,"mysticalagriculture:fertilized_essence":108,"rftoolspower:coalgenerator":1,"minecraft:yellow_dye":3,"mekanismgenerators:gas_burning_generator":1,"chemlib:phosphorus":38,"rsinfinitybooster:infinity_card":1,"create:crushing_wheel":3,"immersiveengineering:cokebrick":1,"minecraft:apple":32,"exdeorum:stone_pebble":881,"minecraft:spore_blossom":8,"thermal:machine_speed_augment":1,"minecraft:iron_ore":157,"tombstone:bag_of_seeds":1,"tombstone:scroll_of_frost_resistance":1,"mysticalagriculture:wood_essence":10,"exdeorum:deepslate_pebble":132,"minecraft:milk_bucket":1,"minecraft:sweet_berries":2,"exdeorum:lead_ore_chunk":13,"forcecraft:recovery_heart":19,"silentgear:raw_azure_silver":2,"minecraft:dragon_egg":3,"ae2:export_bus":34,"xycraft_world:xychorium_storage_red":25,"cookingforblockheads:sink":14,"exdeorum:aluminum_ore_chunk":245,"minecraft:slime_ball":25,"mekanism:advanced_universal_cable":32,"immersiveengineering:seed":51,"thermal:turbo_servo_attachment":1,"silentgear:axe":2,"mekanismgenerators:reactor_glass":51,"thermal:machine_pulverizer":10,"constructionwand:diamond_wand":1,"create:mechanical_crafter":53,"mekanismgenerators:turbine_casing":226,"thermal:machine_frame":1,"minecraft:gilded_blackstone":2,"minecraft:stone_brick_stairs":1,"ironfurnaces:allthemodium_furnace":1,"mekanism:enriched_redstone":7,"framedblocks:framed_panel":246,"minecraft:experience_bottle":10,"thermal:sulfur":1864,"minecraft:smooth_stone":10,"minecraft:bucket":3,"mekanism:purification_chamber":2,"minecraft:ender_eye":22,"mekanismgenerators:fission_reactor_casing":15,"mekanism:ultimate_mechanical_pipe":51,"minecraft:red_dye":3,"sophisticatedstorage:packing_tape":1,"minecraft:iron_pickaxe":1,"mekanism:configurator":2,"ae2:condenser":1,"minecraft:tipped_arrow":10,"powah:magmator_starter":6,"allthecompressed:soul_sand_1x":81,"mysticalagriculture:soulium_block":4,"minecraft:diorite":1,"thermal:flax_seeds":1,"industrialforegoing:mob_duplicator":3,"rechiseled:cobblestone_pillar_connecting":65,"chemlib:gold":7,"create:large_cogwheel":2,"fluxnetworks:flux_plug":12,"torchmaster:dreadlamp":1,"mekanism:ultimate_universal_cable":146,"draconicevolution:wyvern_crafting_injector":12,"minecraft:rotten_flesh":37,"summoningrituals:altar":2,"botania:light_gray_mystical_flower":1,"chemlib:periodic_table":1,"ae2:quantum_link":2,"alltheores:osmium_dust":48,"minecraft:chorus_flower":13,"reliquary:mob_charm_fragment":2,"mekanism:enriched_diamond":1,"minecraft:obsidian":180,"minecraft:blaze_powder":343,"minecraft:cobblestone":510,"mekanismgenerators:rotational_complex":1,"exdeorum:osmium_ore_chunk":507,"occultism:datura_seeds":23,"tombstone:soul_receptacle":1,"exdeorum:basalt_pebble":573,"exdeorum:stone_barrel":6,"create:fluid_tank":1,"mysticalagriculture:wand":1,"minecraft:andesite":17,"minecraft:potato":17,"chemlib:cellulose":38,"ae2:printed_engineering_processor":64,"mysticalagriculture:dirt_seeds":1,"minecraft:dirt":1152,"minecraft:name_tag":1,"minecraft:bone":7,"minecraft:glass":127,"integrateddynamics:variable_transformer_input":7,"xycraft_world:xychorium_storage_dark":5,"alltheores:raw_tin":612,"mekanismgenerators:turbine_valve":2,"thermal:hops_seeds":3,"itemcollectors:basic_collector":1,"minecraft:bow":1,"minecraft:wheat_seeds":22,"minecraft:small_dripleaf":11,"botania:purple_mystical_flower":3,"everlastingabilities:ability_totem":22,"alltheores:tin_ore":86,"mekanismgenerators:control_rod_assembly":2,"ars_caelum:ritual_conjure_island_sculk":1,"mekanism:rotary_condensentrator":13,"forbidden_arcanus:growing_edelwood":4,"mekanism:mekasuit_bodyarmor":1,"integrateddynamics:squeezer":1,"exdeorum:crushed_end_stone":662,"minecraft:grass_block":24,"exdeorum:wooden_watering_can":3,"mekanism:basic_control_circuit":5,"alltheores:raw_nickel":309,"xycraft_world:xychorium_gem_light":326,"productivebees:expansion_box_oak":105,"draconicevolution:chaotic_crafting_injector":1,"minecraft:sugar":59,"tombstone:familiar_stone":1,"minecraft:netherite_helmet":1,"productivebees:bumble_bee_nest":1,"waystones:waystone":4,"alltheores:raw_aluminum":446,"minecraft:cracked_polished_blackstone_bricks":79,"minecraft:crossbow":1,"minecraft:bone_meal":506,"mekanism:advanced_control_circuit":1,"mysticalagriculture:soulium_spawner":1,"exdeorum:crimson_nylium_spores":21,"minecraft:emerald":569,"mekanism:superheating_element":4,"minecraft:netherrack":9,"minecraft:chorus_fruit":22,"ars_nouveau:arcane_pedestal":18,"minecraft:oak_leaves":179,"fluxnetworks:flux_dust":256,"mekanism:clump_iron":8,"minecraft:azure_bluet":19,"minecraft:ladder":10,"draconicevolution:draconic_energy_core":2,"hostilenetworks:deep_learner":1,"minecraft:packed_ice":7,"alchemistry:combiner":2,"ars_nouveau:blue_archwood_sapling":2,"mysticalagriculture:redstone_essence":63,"exdeorum:oak_barrel":5,"refinedstorage:regulator_upgrade":1,"minecraft:shield":2,"waystones:bound_scroll":3,"mysticalagriculture:infusion_pedestal":28,"pneumaticcraft:compressed_stone":1,"expatternprovider:wireless_connect":2,"minecraft:blackstone":71,"botania:black_petal":3,"alltheores:aluminum_ore":21,"sophisticatedstorage:iron_chest":20,"minecraft:end_stone":678,"forcecraft:fortune_cookie":10,"mekanism:laser":2,"minecraft:polished_blackstone_bricks":130,"mysticalagradditions:dragon_scale":16,"ae2:speed_card":128,"mysticalagriculture:supremium_farmland":1,"thermal:peanut_seeds":3,"ae2:annihilation_plane":1,"exdeorum:diorite_pebble":154,"ae2:import_bus":3,"ae2:certus_quartz_dust":685,"projecte:aeternalis_fuel_block":2,"minecraft:nether_bricks":5,"productivebees:oak_wood_nest":25,"ae2:quartz_fiber":1,"alltheores:lead_ore":22729,"xycraft_world:xychorium_storage_light":5,"thermal:fluid_duct":7,"forcecraft:upgrade_core":4,"mysticalagriculture:nether_star_seeds":1,"minecraft:netherite_boots":1,"minecraft:purple_dye":3,"minecraft:basalt":30,"minecraft:leather":88,"forcecraft:speed_core":3,"draconicevolution:awakened_crafting_injector":12,"minecraft:gunpowder":406,"productivebees:end_stone_nest":1,"draconicevolution:dragon_heart":3,"mekanism:enrichment_chamber":8,"mekanism:salt":943,"ae2:sky_dust":661,"mekanismgenerators:fusion_reactor_frame":14,"create:adjustable_chain_gearshift":1,"minecraft:iron_ingot":127,"thermal:tomato_seeds":2,"refinedstorage:cable":15,"minecraft:sculk_catalyst":1,"mekanism:ultimate_pressurized_tube":110,"minecraft:quartz":146,"minecraft:dandelion":176,"ae2:facade":3,"mekanism:induction_port":7,"pneumaticcraft:ingot_iron_compressed":10,"alltheores:raw_uranium":4618,"minecraft:amethyst_shard":965,"rechiseled:diorite_bricks_connecting":29,"botania:white_petal":3,"minecraft:nether_brick_slab":19,"thermal:sulfur_dust":3,"draconicevolution:basic_crafting_injector":10,"mekanismgenerators:wind_generator":63,"minecraft:pumpkin_seeds":51,"ae2:inscriber":3,"mekanism:fluorite_gem":105,"mekanism:elite_energy_cube":1,"minecraft:cherry_sapling":1,"sophisticatedstorage:diamond_chest":5,"rechiseled:blackstone_diagonal_bricks_connecting":1,"ironfurnaces:emerald_furnace":3,"ae2:printed_silicon":42,"tiab:time_in_a_bottle":1,"integratedterminals:part_terminal_storage":1,"minecraft:wooden_axe":2,"minecraft:iron_chestplate":1,"torchmaster:feral_flare_lantern":1,"mekanism:sps_casing":10,"refinedstorage:speed_upgrade":1,"exdeorum:dust":3984,"minecraft:prismarine_shard":129,"croptopia:tomatillo_seed":3,"alltheores:electrum_dust":23,"mysticalagriculture:water_seeds":1,"alltheores:copper_dust":32,"minecraft:oak_stairs":1,"mekanism:gauge_dropper":1,"minecraft:wither_rose":1,"exdeorum:iron_ore_chunk":33,"alchemistry:dissolver":2,"minecraft:brewing_stand":16,"immersiveengineering:stick_treated":2,"productivebees:nether_quartz_nest":2,"forcecraft:force_sapling":4,"exdeorum:grass_seeds":1,"mekanismgenerators:heat_generator":1,"thermal:barley_seeds":2,"create:water_wheel":10,"mysticalagriculture:inferium_essence":9146,"ae2:brown_smart_dense_cable":1,"mekanism:basic_universal_cable":75,"angelring:diamond_ring":1,"alltheores:uranium_block":2,"integrateddynamics:menril_sapling":11,"minecraft:enchanted_golden_apple":1,"draconicevolution:draconic_sword":3,"minecraft:coal_block":1,"minecraft:melon_slice":66,"minecraft:beehive":2,"productivebees:bottler":1,"draconicevolution:draconic_chestpiece":1,"mekanism:laser_amplifier":1,"mekanism:qio_exporter":25,"integrateddynamics:cable":66,"sophisticatedstorage:controller":1,"powah:player_transmitter_starter":1,"angelring:energetic_angel_ring":1,"mekanism:dust_lithium":39826,"minecraft:cyan_terracotta":4621,"alltheores:constantan_gear":1,"minecraft:blue_dye":3,"minecraft:iron_block":1,"thermal:radish_seeds":1,"expatternprovider:ex_pattern_provider_part":7,"mekanism:basic_fluid_tank":2,"mysticalagriculture:prudentium_essence":3,"expatternprovider:ex_inscriber":1,"minecraft:birch_log":2,"enderio:primitive_alloy_smelter":2,"enderio:grains_of_infinity":717,"mekanism:chemical_dissolution_chamber":1,"mysticalagriculture:netherite_essence":4,"refinedstorage:network_card":1,"ars_nouveau:scribes_table":2,"ae2:charged_certus_quartz_crystal":142,"mekanism:supercharged_coil":6,"create:encased_chain_drive":1,"mysticalagriculture:certus_quartz_essence":30,"pipez:fluid_pipe":4,"mekanism:chemical_crystallizer":7,"ftbquests:book":4,"mysticalagriculture:soul_extractor":1,"projecte:high_covalence_dust":225,"create:shaft":11,"refinedstorage:advanced_processor":3,"refinedstorage:range_upgrade":1,"minecraft:glowstone_dust":820,"mekanism:pressure_disperser":4,"draconicevolution:draconium_block":1,"alltheores:nickel_ore":167,"exdeorum:crushed_blackstone":522,"mekanism:metallurgic_infuser":8,"xycraft_world:xychorium_gem_red":291,"ae2:certus_quartz_crystal":135,"mysticalagriculture:coal_essence":25,"functionalstorage:void_upgrade":2,"mekanism:ultimate_induction_cell":35,"thermal:onion_seeds":1,"rechiseled:oak_planks_large_tiles":162,"xycraft_world:xychorium_gem_dark":354,"minecraft:barrel":3,"mekanism:basic_mechanical_pipe":14,"productivebees:sand_nest":1,"rechiseled:oak_planks_large_tiles_connecting":2,"thermal:eggplant_seeds":1,"productivebees:incubator":1,"exdeorum:copper_ore_chunk":16,"minecraft:bread":5,"mekanismgenerators:turbine_rotor":11,"minecraft:crafting_table":4,"mekanism:thermal_evaporation_controller":1,"alltheores:silver_dust":27,"mekanism:alloy_infused":2,"rechiseled:cobblestone_large_squares":17,"ae2:silicon_press":2,"powah:energizing_rod_hardened":1,"ae2:quartz_glass":2,"supplementaries:globe":1,"powah:energizing_rod_starter":4,"alltheores:nickel_dust":28,"mysticalagriculture:inferium_shovel":1,"hostilenetworks:blank_data_model":1,"ae2:annihilation_core":4,"ae2:crafting_card":1,"powah:crystal_spirited":1,"alltheores:constantan_ingot":1,"forcecraft:force_ingot":3,"integrateddynamics:menril_berries":102,"minecraft:beef":3,"rftoolsutility:timer":8,"minecraft:iron_nugget":5,"exdeorum:compressed_stone_hammer":1,"allthecompressed:cobblestone_1x":338,"minecraft:chest":17,"minecraft:egg":32,"darkutils:vector_plate_ultra":14,"alltheores:raw_zinc":309,"supplementaries:pedestal":2,"powah:blank_card":2,"minecraft:tnt":2,"ae2:processing_pattern":6,"mekanism:elite_universal_cable":10,"minecraft:carrot":20,"minecraft:redstone":645,"create:brass_casing":55,"sophisticatedstorage:upgrade_base":1,"minecraft:prismarine_crystals":67,"integrateddynamics:variable":40,"botania:brown_petal":3,"ars_nouveau:green_archwood_log":42,"exdeorum:silk_worm":4,"ars_nouveau:enchanting_apparatus":3,"functionalstorage:gold_upgrade":1,"forcecraft:golden_power_source":3,"immersiveengineering:cloche":9,"ae2:controller":3,"mekanism:ultimate_logistical_transporter":58,"minecraft:diamond_boots":2,"minecraft:shears":2,"everlastingabilities:ability_bottle":1,"thermal:energy_cell":2,"minecraft:gold_ingot":48,"tombstone:essence_of_undeath":1,"alltheores:raw_osmium":1622,"botania:green_mystical_flower":2,"minecraft:glow_berries":5,"rechiseled:cobblestone_pulverized":100,"mekanism:elite_control_circuit":2,"minecraft:white_wool":1,"minecraft:red_mushroom":12,"forcecraft:force_gem":528,"ae2:fluix_crystal":153,"productivebees:snow_nest":3,"minecraft:oak_log":1033,"minecraft:ancient_debris":29,"forcecraft:force_log":10,"enderio:item_conduit":14,"mekanism:isotopic_centrifuge":3,"tombstone:gift":1,"mekanismgenerators:electromagnetic_coil":10,"minecraft:stone_bricks":27,"minecraft:kelp":8,"expatternprovider:ex_pattern_access_part":2,"exdeorum:wood_chippings":53,"mekanism:steel_casing":3,"minecraft:glass_bottle":850,"mysticalagriculture:uranium_seeds":4,"minecraft:iron_sword":1,"minecraft:flowering_azalea":5,"mekanismgenerators:turbine_blade":22,"mysticalagriculture:imperium_growth_accelerator":3,"draconicevolution:awakened_core":3,"allthecompressed:sand_1x":1,"refinedstorage:security_card":1,"powah:reactor_nitro":36,"thermal:strawberry_seeds":1,"projecte:mobius_fuel":10034,"minecraft:gravel":3085,"minecraft:spruce_sapling":10,"mekanism:atomic_disassembler":2,"productivebees:configurable_honeycomb":23,"projecte:medium_covalence_dust":45,"ars_nouveau:sconce":7,"exdeorum:silver_ore_chunk":700,"forbidden_arcanus:arcane_crystal":129,"minecraft:stone_axe":1,"alltheores:raw_silver":552,"minecraft:oak_button":3,"minecraft:melon_seeds":21,"minecraft:mangrove_propagule":18,"minecraft:ender_pearl":77,"minecraft:shulker_shell":6,"exdeorum:mycelium_spores":12,"mekanism:alloy_atomic":4,"mekanism:electrolytic_separator":4,"framedblocks:framed_door":9,"cobblefordays:tier_5":2,"immersiveengineering:craftingtable":1,"mysticalagriculture:dirt_essence":1,"minecraft:potion":64,"productivebees:gene_bottle":16,"productivebees:nether_brick_nest":2,"ironfurnaces:augment_factory":4,"ironfurnaces:augment_generator":1,"craftingstation:crafting_station":1,"minecraft:raw_copper":614,"forcecraft:grinding_core":3,"minecraft:armor_stand":3,"minecraft:smooth_stone_slab":5,"hyperbox:hyperbox":1,"minecraft:zombie_head":5,"sophisticatedstorage:netherite_chest":2,"minecraft:oak_sign":11,"minecraft:sea_pickle":5,"allthemodium:allthemodium_block":4,"draconicevolution:draconium_dust":149,"thermal:spinach_seeds":2,"xycraft_world:xychorium_gem_green":115,"mekanism:hdpe_pellet":22,"minecraft:furnace":33,"minecraft:stick":118,"botania:lexicon":2,"apotheosis:gem":20,"minecraft:torch":6,"mekanism:mekasuit_pants":1,"tombstone:grave_dust":16,"minecraft:pointed_dripstone":157,"powah:energizing_rod_blazing":3,"mekanism:energy_tablet":1,"productivebees:upgrade_base":1,"ae2:drive":7,"minecraft:quartz_block":3,"thermal:upgrade_augment_2":1,"thermal:corn_seeds":3,"exdeorum:tin_ore_chunk":853,"occultism:datura":7,"refinedstorage:1k_storage_part":4,"productivebees:spawn_egg_bumble_bee":2,"immersiveengineering:slab_treated_wood_horizontal":1,"mekanism:qio_importer":4,"minecraft:magma_cream":149,"alltheores:invar_ingot":6,"mekanism:basic_enriching_factory":1,"industrialforegoing:mob_imprisonment_tool":4,"minecraft:wither_skeleton_skull":5,"refinedstorage:improved_processor":16,"thermal:tin_gear":2,"minecraft:lapis_lazuli":1441,"thermal:rf_coil":2,"thermal:upgrade_augment_1":3,"powah:dielectric_paste":23,"thermal:rf_coil_augment":2,"productivebees:advanced_oak_beehive":48,"ae2:quantum_ring":14,"mekanism:elite_fluid_tank":1,"draconicevolution:infused_obsidian":9,"dankstorage:dank_3":1,"mekanismgenerators:fusion_reactor_port":1,"ars_nouveau:source_gem":316,"minecraft:raw_gold":49,"ironfurnaces:augment_fuel":1,"ae2:logic_processor_press":1,"alltheores:tin_ingot":6,"mysticalagriculture:tertium_farmland":2,"minecraft:oak_planks":96,"ironfurnaces:iron_furnace":4,"ae2:storage_bus":1,"minecraft:ghast_tear":10,"thermal:bell_pepper_seeds":3,"alltheores:steel_rod":6,"immersiveengineering:creosote_bucket":1,"create:cogwheel":51,"draconicevolution:draconium_ingot":13,"alltheores:raw_lead":3108,"forcecraft:experience_core":3,"darkutils:damage_plate_player":1,"integratedtunnels:part_interface_item":2,"ae2:charger":2,"minecraft:sand":5928,"minecraft:dead_bush":6,"forbidden_arcanus:ender_pearl_fragment":13,"mekanismgenerators:saturating_condenser":1,"minecraft:clay":10,"minecraft:diamond":247,"alltheores:gold_plate":2,"croptopia:pineapple_seed":2,"mysticalagriculture:redstone_seeds":4,"allthecompressed:oak_log_1x":64,"alltheores:aluminum_ingot":63,"minecraft:oak_sapling":200,"minecraft:nether_star":19,"minecraft:end_stone_bricks":8,"functionalstorage:oak_1":2,"minecraft:charcoal":6,"thermal:cinnabar":105,"thermal:machine_output_augment":2,"mekanism:solar_neutron_activator":12,"immersiveengineering:heavy_engineering":4,"minecraft:gold_block":9,"cookingforblockheads:cow_jar":1,"exdeorum:blackstone_pebble":2341,"productivebees:glowstone_nest":1,"exdeorum:string_mesh":5,"minecraft:wooden_sword":1,"minecraft:item_frame":2,"create:chute":2,"mekanism:energized_smelter":4,"reliquary:chelicerae":1,"draconicevolution:crafting_core":1,"forcecraft:force_engine":1,"minecraft:spruce_trapdoor":3,"minecraft:sugar_cane":59,"minecraft:phantom_membrane":1,"alltheores:electrum_ingot":32,"minecraft:dark_oak_sapling":3,"minecraft:raw_iron":1305,"minecraft:orange_dye":3,"thermal:dynamo_magmatic":2,"rechiseled:diorite_bricks":5,"exdeorum:porcelain_crucible":6,"minecraft:copper_ingot":55,"mysticalagriculture:netherite_seeds":1,"ars_nouveau:purple_archwood_sapling":9,"ae2:crafting_terminal":5,"croptopia:knife":2,"minecraft:stone_button":3,"mekanism:basic_energy_cube":5,"forcecraft:time_torch":17,"mekanism:thermal_evaporation_block":25,"minecraft:arrow":7,"immersiveengineering:steel_scaffolding_standard":10,"xycraft_world:xychorium_gem_blue":62,"botania:lime_mystical_flower":2,"functionalstorage:netherite_upgrade":1,"framedblocks:framed_trapdoor":1,"powah:wrench":2,"forcecraft:force_nugget":5,"ae2:printed_logic_processor":34,"ae2:calculation_processor_press":1,"exdeorum:crushed_netherrack":315,"mekanism:advanced_logistical_transporter":5,"minecraft:air":0,"integrateddynamics:drying_basin":1,"framedblocks:framed_wall_board":3,"draconicevolution:crystal_binder":1,"forbidden_arcanus:zombie_arm":1,"ae2:calculation_processor":1,"create:andesite_alloy":30,"botania:flower_bag":3,"draconicevolution:wyvern_energy_core":2,"tombstone:voodoo_poppet":1,"immersiveengineering:treated_wood_horizontal":35,"apotheosis:warden_tendril":2,"productivebees:gene":4,"fluxnetworks:flux_point":30,"mekanismgenerators:fission_fuel_assembly":3,"fluxnetworks:flux_controller":1,"refinedstorage:basic_processor":67,"sophisticatedbackpacks:diamond_backpack":1,"minecraft:soul_sand":40,"minecraft:acacia_sapling":15,"mekanism:yellow_cake_uranium":2,"minecraft:green_dye":30,"minecraft:book":15,"draconicevolution:draconium_core":5,"minecraft:oak_slab":21,"powah:binding_card_dim":5,"alltheores:signalum_ingot":15,"thermal:green_bean_seeds":5,"ae2:item_cell_housing":1,"mekanism:thermal_evaporation_valve":1,"integrateddynamics:crystalized_menril_block":21,"refinedstorage:quartz_enriched_iron":61,"refinedstorage:machine_casing":7,"rechiseled:cobblestone_pillar":1,"refinedstorage:pattern":27,"minecraft:white_bed":1,"mysticalagriculture:wood_seeds":3,"minecraft:gold_ore":202,"minecraft:spider_eye":31,"productivebees:obsidian_nest":1,"thermal:rice_seeds":9,"powah:energizing_rod_basic":1,"exdeorum:warped_nylium_spores":30,"forcecraft:raw_bacon":20,"thermal:redstone_servo":6,"ae2:brown_covered_cable":2,"utilitarian:snad":5,"minecraft:campfire":2,"thermal:dynamo_fuel_augment":2,"xycraft_world:xychorium_storage_blue":5,"tombstone:magic_scroll":1,"productivebees:feeder":1,"minecraft:coal":833},"minecraft:dropped":{"minecraft:iron_sword":1,"minecraft:lapis_lazuli":23356,"minecraft:diamond":3616,"mekanismgenerators:fission_reactor_port":11,"everlastingabilities:ability_totem":1,"alltheores:tin_ingot":4716,"thermal:gunpowder_block":56,"minecraft:emerald":1179,"powah:blank_card":2,"mysticalagriculture:dirt_seeds":1,"enderio:vibrant_alloy_ingot":98,"minecraft:stone_axe":1,"minecraft:iron_nugget":6,"minecraft:obsidian":6202,"minecraft:rotten_flesh":1,"enderio:dark_steel_ingot":3,"minecraft:oak_planks":2,"minecraft:glowstone_dust":1,"hostilenetworks:deep_learner":1,"mekanism:alloy_infused":880,"mysticalagriculture:inferium_essence":4,"silentgear:sword_blade":1,"apotheosis:gem":3,"minecraft:glass":1,"ironfurnaces:augment_blasting":1,"reliquary:mob_charm_belt":2,"minecraft:golden_boots":3,"tiab:time_in_a_bottle":1,"xycraft_world:xychorium_gem_green":1382,"minecraft:wheat_seeds":175,"draconicevolution:basic_crafting_injector":8,"pickletweaks:reinforced_night_vision_goggles":2,"silentgear:rod":1,"angelring:energetic_angel_ring":1,"minecraft:coal_block":128,"minecraft:potion":1,"forbidden_arcanus:growing_edelwood":3,"thermal:radish_seeds":1,"mekanism:salt":7,"tombstone:voodoo_poppet":4,"immersiveengineering:steel_scaffolding_standard":12,"sophisticatedbackpacks:feeding_upgrade":1,"alltheores:zinc_ore":61,"powah:thermo_generator_spirited":2,"minecraft:clay_ball":2,"ae2wtlib:quantum_bridge_card":1,"sophisticatedbackpacks:backpack":1,"minecraft:diamond_pickaxe":2,"alltheores:brass_ingot":1,"mekanism:induction_casing":444,"minecraft:popped_chorus_fruit":2,"minecraft:stone_bricks":894,"angelring:diamond_ring":1,"alltheores:raw_silver":2752,"minecraft:oak_log":2066,"minecraft:nether_star":8,"minecraft:ender_pearl":629,"apotheosis:salvaging_table":1,"alltheores:gold_plate":9,"mekanism:atomic_disassembler":2,"minecraft:leather":2,"silentgear:axe":2,"enderio:energetic_alloy_ingot":31,"minecraft:cracked_polished_blackstone_bricks":22,"constructionwand:diamond_wand":1,"draconicevolution:draconic_chestpiece":1,"silentgear:katana_blueprint":1,"minecraft:gold_ingot":55009,"mekanism:yellow_cake_uranium":2,"mekanism:basic_universal_cable":2,"ae2:charged_certus_quartz_crystal":192,"ae2:condenser":1,"mekanismgenerators:fission_fuel_assembly":1,"mysticalagradditions:nether_star_shard":6,"ae2:processing_pattern":3,"minecraft:iron_ore":108,"minecraft:iron_bars":381,"cookingforblockheads:sink":1,"mekanism:dust_lithium":40960,"exdeorum:mycelium_spores":275,"ae2:sky_stone_block":644,"minecraft:mangrove_propagule":3,"minecraft:golden_axe":1,"mekanismgenerators:turbine_casing":52,"apotheosis:epic_material":17,"chemlib:graphite":144,"create:cinder_flour":1,"ars_caelum:ritual_conjure_island_sculk":2,"minecraft:polished_deepslate":250,"fluxnetworks:flux_dust":995,"alchemistry:dissolver":1,"productivebees:spawn_egg_configurable_bee":1,"mysticalagriculture:imperium_essence":8,"mekanism:pellet_antimatter":6,"alltheores:osmium_ore":56,"exdeorum:flint_mesh":1,"ironfurnaces:augment_factory":1,"mekanism:alloy_reinforced":545,"mekanism:gauge_dropper":1,"forcecraft:force_gem":98,"minecraft:oak_sapling":5,"projecte:mobius_fuel":10236,"forcecraft:force_sword":1,"minecraft:clay":1147,"ae2:speed_card":4,"xycraft_world:xychorium_gem_dark":1109,"mekanism:mekasuit_helmet":1,"powah:blazing_crystal_block":14,"minecraft:crossbow":1,"create:incomplete_precision_mechanism":6,"mekanism:basic_control_circuit":512,"minecraft:dragon_breath":1,"alltheores:tin_ore":86,"thermal:flax_seeds":1,"alltheores:osmium_ingot":65536,"minecraft:dirt":5865,"silentgear:sword_blueprint":1,"exdeorum:dust":1434,"ironjetpacks:jetpack":1,"minecraft:chain":8,"minecraft:phantom_membrane":604,"minecraft:sugar":60,"ars_nouveau:source_gem":178,"minecraft:golden_chestplate":2,"minecraft:birch_sapling":3,"mekanism:mekasuit_boots":1,"minecraft:end_stone":1,"minecraft:blaze_powder":425,"exdeorum:crushed_netherrack":64,"ars_nouveau:sourcestone":237,"projecte:alchemical_coal":5976,"alltheores:nickel_ingot":18176,"create:wrench":2,"minecraft:end_stone_bricks":3,"productivebees:configurable_honeycomb":2,"darkutils:charm_portal":1,"minecraft:enchanted_book":3,"minecraft:egg":4,"mekanism:fluorite_gem":28504,"minecraft:tnt":2,"minecraft:cobblestone":55,"ae2:singularity":2,"draconicevolution:draconic_sword":3,"pneumaticcraft:compressed_iron_leggings":1,"exdeorum:iron_mesh":1,"alltheores:uranium_dust":1951,"minecraft:coal":1,"alltheores:uranium_ingot":13372,"minecraft:wooden_hoe":1,"minecraft:string":331,"minecraft:iron_shovel":1,"mekanism:advanced_control_circuit":303,"apotheosis:uncommon_material":42,"alltheores:silver_dust":1152,"mekanism:mekasuit_pants":1,"alltheores:iron_gear":3,"minecraft:netherite_ingot":100,"mekanism:ultimate_pressurized_tube":26,"chemlib:sulfur":576,"minecraft:stone":1104,"silentgear:katana":1,"mekanism:ingot_refined_obsidian":132,"ae2:certus_quartz_crystal":128,"minecraft:diamond_axe":1,"minecraft:netherite_upgrade_smithing_template":36,"powah:energizing_rod_spirited":1,"ftbquests:book":2,"ae2:silicon_press":1,"minecraft:gravel":905,"minecraft:blackstone":2,"ars_nouveau:wilden_spike":1,"exdeorum:string_mesh":2,"alltheores:uranium_ore":9972,"enderio:basic_item_filter":1,"mekanism:mekasuit_bodyarmor":1,"farmingforblockheads:market":1,"integrateddynamics:cable":17,"megacells:sky_steel_ingot":975,"minecraft:glowstone":1608,"minecraft:chest":12,"minecraft:arrow":824,"minecraft:quartz":192,"minecraft:netherrack":65,"chemlib:potassium_nitrate":108,"minecraft:water_bucket":3,"thermal:machine_speed_augment":3,"mekanism:sps_port":3,"ae2:cell_component_16k":2,"enderio:wood_gear":5,"minecraft:lead":116,"minecraft:copper_ingot":40869,"minecraft:stick":327,"thermal:barley_seeds":1,"sophisticatedstorage:basic_to_iron_tier_upgrade":9,"minecraft:torch":4,"ae2:quantum_entangled_singularity":2,"ae2:storage_bus":2,"alltheores:lead_ingot":64331,"immersiveengineering:shader_bag_epic":1,"pneumaticcraft:compressed_iron_boots":1,"alltheores:platinum_ingot":2357,"mekanism:basic_thermodynamic_conductor":20,"minecraft:bucket":1,"minecraft:dandelion":4,"minecraft:redstone":640,"minecraft:blaze_rod":180,"alltheores:silver_ingot":53957,"mekanism:configurator":2,"minecraft:raw_iron":2560,"exdeorum:oak_barrel":4,"create:schematic_and_quill":3,"minecraft:glass_pane":7,"rechiseled:oak_planks_bricks":605,"draconicevolution:draconic_bow":1,"powah:binding_card":2,"apotheosis:rare_material":84,"botania:cyan_mystical_flower":1,"powah:binding_card_dim":1,"integratedtunnels:part_interface_item":3,"productivebees:gene_bottle":6,"alltheores:lead_ore":60113,"minecraft:raw_gold":2},"minecraft:killed":{"forcecraft:angry_enderman":2,"minecraft:ender_dragon":3,"minecraft:zombie":10,"minecraft:evoker":1,"minecraft:warden":1,"minecraft:spider":6,"minecraft:wither":2,"minecraft:bee":3,"forcecraft:ender_tot":2,"minecraft:piglin_brute":5,"minecraft:piglin":11,"minecraft:sheep":5,"minecraft:trader_llama":75,"minecraft:vex":2,"minecraft:wither_skeleton":11,"minecraft:shulker":12,"minecraft:skeleton":9,"draconicevolution:guardian_wither":34,"minecraft:magma_cube":1,"minecraft:cow":1,"productivebees:green_carpenter_bee":1,"productivebees:ashy_mining_bee":1,"minecraft:wandering_trader":40,"minecraft:enderman":606,"productivebees:sweat_bee":1,"minecraft:creeper":15,"minecraft:blaze":1,"minecraft:phantom":6},"minecraft:crafted":{"powah:magmator_basic":1,"powah:battery_spirited":2,"biggerreactors:turbine_fluid_port":1,"minecraft:yellow_wool":1,"immersiveengineering:hammer":1,"sophisticatedbackpacks:everlasting_upgrade":1,"functionalstorage:iron_downgrade":1,"integratedcrafting:part_crafting_writer":1,"productivebees:nether_quartz_nest":1,"minecraft:oak_sign":15,"mysticalagriculture:soulium_ingot":9,"industrialforegoing:mob_duplicator":1,"thermal:flux_saw":1,"minecraft:red_sand":16,"mekanism:basic_compressing_factory":2,"minecraft:blaze_powder":320,"biggerreactors:reactor_glass":1,"mekanism:electrolytic_separator":7,"mekanism:dosimeter":1,"minecraft:grass":4,"ironfurnaces:iron_furnace":5,"mekanism:canteen":1,"mekanismgenerators:heat_generator":1,"ae2:item_storage_cell_4k":6,"minecraft:nether_brick":0,"ironfurnaces:diamond_furnace":1,"patchouli:guide_book":1,"silentgear:axe_blueprint":1,"mekanismgenerators:turbine_valve":2,"mekanism:basic_enriching_factory":3,"minecraft:granite":17,"refinedstorage:1k_storage_block":1,"silentgear:sickle_blueprint":1,"sophisticatedbackpacks:smelting_upgrade":1,"mekanism:thermal_evaporation_controller":4,"create:andesite_funnel":2,"minecraft:diamond_helmet":3,"silentgear:mattock_blueprint":1,"cookingforblockheads:oven":1,"mekanism:advanced_compressing_factory":2,"ae2:drive":1,"minecraft:beacon":1,"silentgear:shield_blueprint":1,"mekanism:chemical_dissolution_chamber":2,"mekanism:elite_universal_cable":168,"powah:magmator_starter":1,"sophisticatedstorage:stack_upgrade_tier_4":2,"mekanism:rotary_condensentrator":3,"minecraft:iron_door":3,"powah:energizing_rod_starter":3,"silentgear:boots_blueprint":1,"minecraft:dried_kelp_block":1,"minecraft:black_wool":1,"thermal:fluid_cell_frame":1,"create:cogwheel":87,"allthemodium:allthemodium_nugget":9,"rftoolsstorage:storage_scanner":1,"ae2:item_cell_housing":18,"mekanism:energy_tablet":121,"create:mechanical_plough":1,"powah:blank_card":2,"thermal:machine_crafter":1,"powah:capacitor_spirited":19,"mekanism:ultimate_smelting_factory":2,"powah:capacitor_basic_large":54,"create:rose_quartz":64,"projecte:zero_ring":1,"megacells:bulk_cell_component":1,"powah:furnator_basic":1,"tiab:time_in_a_bottle":1,"exdeorum:oak_barrel":1,"powah:reactor_blazing":36,"silentgear:pickaxe_head":1,"mekanism:chemical_injection_chamber":1,"mekanism:teleporter":1,"ae2:cell_component_16k":10,"exdeorum:netherite_mesh":1,"minecraft:smithing_table":1,"powah:energy_hopper_starter":1,"ironfurnaces:augment_blasting":1,"minecraft:sticky_piston":1,"mekanism:advanced_thermodynamic_conductor":8,"silentgear:azure_electrum_ingot":67,"waystones:warp_stone":10,"mysticalagriculture:supremium_essence":41,"mysticalagriculture:soulium_dagger":2,"create:encased_chain_drive":8,"thermal:dynamo_lapidary":1,"rftoolsbase:dimensionalshard":192,"silentgear:helmet_blueprint":1,"ironfurnaces:augment_speed":1,"utilitarian:soul_snad":1,"silentgear:pickaxe_template":1,"xycraft_machines:valve":1,"allthecompressed:oak_log_1x":64,"mekanism:scuba_mask":1,"powah:energy_discharger_starter":1,"ae2:tiny_tnt":2,"ae2:toggle_bus":1,"mekanism:qio_drive_array":1,"mekanism:advanced_smelting_factory":2,"ae2:quantum_ring":8,"minecraft:stone_slab":12,"powah:energy_discharger_basic":1,"allthecompressed:end_stone_1x":70,"minecraft:iron_pickaxe":1,"ae2:item_storage_cell_16k":10,"xycraft_machines:machine_base":10,"silentgear:grip_blueprint":1,"minecraft:sandstone":67,"sophisticatedbackpacks:blasting_upgrade":1,"immersiveengineering:heavy_engineering":4,"create:large_cogwheel":8,"farmingforblockheads:market":1,"biggerreactors:turbine_power_tap":1,"minecraft:netherite_ingot":252,"reliquary:mob_charm_fragment":1,"alltheores:constantan_gear":10,"alltheores:bronze_gear":2,"powah:ender_cell_nitro":1,"sophisticatedbackpacks:deposit_upgrade":1,"minecraft:golden_carrot":3,"thermal:machine_centrifuge":1,"refinedstorage:upgrade":4,"ae2:semi_dark_monitor":3,"create:wrench":1,"allthecompressed:cobblestone_3x":139,"pneumaticcraft:pressure_tube":32,"sophisticatedbackpacks:stack_upgrade_tier_3":1,"silentgear:leather_scrap":63,"ironfurnaces:augment_generator":1,"minecraft:cobbled_deepslate":20,"mekanism:basic_chemical_tank":2,"mekanism:mekasuit_bodyarmor":1,"productivebees:end_stone_nest":2,"silentgear:blaze_gold_block":1,"silentgear:ring_blueprint":1,"projecte:nova_catalyst":2,"powah:energy_discharger_blazing":1,"minecraft:polished_blackstone_pressure_plate":3,"draconicevolution:awakened_draconium_block":13,"ae2:void_card":1,"refinedstorage:external_storage":1,"xycraft_machines:extractor":1,"enderio:advanced_capacitor_bank":2,"powah:ender_cell_spirited":1,"ae2:storage_monitor":1,"powah:photoelectric_pane":20,"ae2:energy_cell":32,"ae2:item_storage_cell_1k":1,"xycraft_machines:light_field":1,"mekanism:chargepad":1,"mekanism:elite_infusing_factory":2,"ironfurnaces:emerald_furnace":1,"minecraft:basalt":17,"minecraft:terracotta":0,"productivebees:gene":12,"mekanismgenerators:bio_generator":1,"ars_caelum:ritual_conjure_island_sculk":1,"ae2:wireless_terminal":1,"thermal:machine_catalyst_augment":1,"mekanism:modification_station":2,"ironjetpacks:strap":2,"mekanism:elite_enriching_factory":3,"minecraft:stone_pickaxe":1,"silentgear:salvager":1,"silentgear:tip_blueprint":1,"refinedstorage:64k_fluid_storage_part":1,"thermal:xp_crystal":1,"silentgear:dagger_blueprint":1,"allthemodium:vibranium_block":68,"ironjetpacks:thruster":9,"alltheores:steel_rod":12,"biggerreactors:reactor_terminal":1,"silentgear:advanced_upgrade_base":1,"alltheores:steel_plate":23,"ae2:charged_staff":1,"advgenerators:iron_frame":64,"constructionwand:diamond_wand":5,"refinedstorage:1024k_fluid_storage_part":1,"silentgear:coating_blueprint":1,"ae2:dense_energy_cell":1,"immersiveengineering:rs_engineering":4,"mekanism:hazmat_mask":2,"create:mechanical_piston":1,"mekanism:dynamic_tank":8,"refinedstorage:destructor":1,"ae2wtlib:quantum_bridge_card":2,"ironjetpacks:advanced_coil":26,"thermal:drill_head":1,"silentgear:nether_star_fragment":9,"productivebees:honey_treat":17,"sophisticatedbackpacks:gold_backpack":3,"pneumaticcraft:air_canister":16,"minecraft:red_carpet":2,"minecraft:enchanted_book":48,"minecraft:orange_dye":5,"immersiveengineering:blueprint":2,"framedblocks:framed_pane":12,"silentgear:hammer_blueprint":1,"sophisticatedstorage:storage_link":3,"powah:energy_cable_nitro":12,"powah:energy_discharger_spirited":1,"ironjetpacks:cell":20,"biggerreactors:reactor_coolant_port":1,"create:mechanical_arm":1,"powah:furnator_blazing":1,"mekanism:elite_compressing_factory":2,"immersiveengineering:conveyor_basic":8,"framedblocks:framed_slab":6,"minecraft:dark_oak_log":16,"productivebees:bee_cage":4,"torchmaster:feral_flare_lantern":8,"mekanism:basic_mechanical_pipe":48,"powah:capacitor_basic":176,"productivebees:bumble_bee_nest":1,"create:shaft":96,"ae2:chest":1,"thermal:device_rock_gen":2,"thermal:potion_amplifier_augment":1,"thermal:dynamo_output_augment":1,"draconicevolution:draconium_ingot":1792,"silentgear:elytra_blueprint":1,"mekanism:mekasuit_helmet":1,"minecraft:soul_sand":731,"create:portable_fluid_interface":1,"ae2:cell_component_4k":38,"minecraft:grindstone":1,"silentgear:spear_blueprint":1,"immersiveengineering:component_steel":4,"silentgear:template_board":18,"productivebees:catcher":1,"minecraft:barrel":2,"powah:energy_discharger_hardened":1,"powah:battery_basic":2,"projecte:klein_star_drei":48,"cookingforblockheads:cabinet":2,"ironfurnaces:allthemodium_furnace":1,"sophisticatedstorage:gold_chest":1,"mekanism:electrolytic_core":4,"draconicevolution:draconic_energy_core":2,"minecraft:stone":0,"draconicevolution:item_wyvern_proj_grav_comp":2,"mekanism:gauge_dropper":1,"megacells:mega_fluid_cell_housing":1,"fluxnetworks:flux_point":12,"draconicevolution:wyvern_energy_core":5,"immersiveengineering:sheetmetal_iron":4,"pipez:fluid_pipe":16,"alltheores:osmium_ore":56,"mysticalagriculture:soulium_block":3,"immersiveengineering:cloche":21,"mekanism:basic_tier_installer":2,"create:rope_pulley":1,"industrialforegoing:pitiful_generator":1,"minecraft:bow":2,"cookingforblockheads:heating_unit":1,"create:cart_assembler":1,"megacells:bulk_item_cell":1,"mekanism:ultimate_universal_cable":160,"cookingforblockheads:ice_unit":1,"biggerreactors:reactor_control_rod":1,"minecraft:comparator":3,"mekanismgenerators:fission_reactor_casing":12,"rftoolsutility:crafter1":1,"functionalstorage:gold_upgrade":1,"minecraft:chest":3,"immersiveengineering:treated_wood_horizontal":88,"minecraft:oak_button":1,"ae2:entropy_manipulator":1,"minecraft:copper_block":45,"mekanism:basic_fluid_tank":11,"mob_grinding_utils:absorption_hopper":1,"alltheores:invar_gear":4,"powah:magmator_niotic":1,"thermal:machine_sawmill":1,"minecraft:ender_eye":77,"minecraft:stone_bricks":16,"mekanism:advanced_crushing_factory":3,"powah:energizing_rod_hardened":3,"thermal:machine_crucible":1,"fluxnetworks:flux_core":68,"rftoolsstorage:storage_module3":1,"create:depot":1,"sophisticatedstorage:netherite_chest":1,"silentgear:fishing_rod_blueprint":1,"advgenerators:iron_wiring":16,"powah:ender_gate_spirited":4,"mekanism:ultimate_crushing_factory":2,"powah:thermo_generator_blazing":5,"projecte:mobius_fuel":2280,"create:fluid_pipe":4,"sophisticatedstorage:storage_tool":1,"create:piston_extension_pole":16,"refinedstorage:exporter":1,"ironfurnaces:obsidian_furnace":2,"minecraft:red_wool":1,"mekanism:module_gravitational_modulating_unit":1,"create:gearshift":1,"powah:magmator_blazing":1,"powah:battery_hardened":2,"refinedstorage:speed_upgrade":4,"ae2:terminal":2,"sophisticatedbackpacks:upgrade_base":2,"silentgear:blueprint_paper":120,"rftoolsstorage:storage_module2":1,"rechiseled:chisel":1,"powah:reactor_hardened":40,"alltheores:lumium_plate":2,"minecraft:dispenser":1,"minecraft:tnt":4,"ironjetpacks:capacitor":4,"ae2:matter_cannon":1,"minecraft:totem_of_undying":2,"mekanism:radioactive_waste_barrel":6,"create:water_wheel":3,"create:portable_storage_interface":1,"sophisticatedbackpacks:diamond_backpack":2,"minecraft:stick":200,"mekanism:crusher":2,"minecraft:iron_ingot":22,"mekanismgenerators:laser_focus_matrix":2,"mekanism:hazmat_gown":1,"megacells:portable_fluid_cell_1m":1,"minecraft:iron_ore":112,"exdeorum:oak_sieve":1,"functionalstorage:redstone_upgrade":1,"powah:furnator_niotic":1,"powah:energy_hopper_blazing":1,"mekanism:basic_crushing_factory":3,"mysticalagriculture:imperium_essence":215,"alltheores:lead_plate":2,"silentgear:knife_blueprint":1,"create:chute":8,"ae2:inverted_toggle_bus":1,"forcecraft:force_ingot":54,"mekanism:basic_universal_cable":208,"mekanismgenerators:wind_generator":56,"minecraft:beehive":70,"mysticalagriculture:tertium_farmland":1,"alltheores:aluminum_ingot":0,"sophisticatedbackpacks:tool_swapper_upgrade":1,"powah:battery_niotic":2,"buildinggadgets2:gadget_destruction":1,"minecraft:furnace":40,"silentgear:slingshot_blueprint":1,"minecraft:blast_furnace":1,"mysticalagriculture:prosperity_ingot":9,"minecraft:piston":2,"mekanism:basic_smelting_factory":2,"hyperbox:hyperbox":1,"darkutils:damage_plate_player":1,"refinedstorage:crafter":1,"powah:crystal_blazing":27,"ae2:cell_component_1k":116,"mekanism:jetpack":1,"minecraft:flint_and_steel":5,"mekanism:hazmat_boots":1,"refinedstorage:constructor":1,"refinedstorage:4096k_fluid_storage_part":1,"ironfurnaces:augment_fuel":1,"mekanism:elite_thermodynamic_conductor":8,"biggerreactors:reactor_access_port":2,"alltheores:gold_plate":1,"forcecraft:force_engine":2,"rsinfinitybooster:dimension_card":1,"ae2:quartz_glass":272,"rftoolsbase:infused_enderpearl":7,"powah:thermo_generator_starter":1,"powah:player_transmitter_starter":1,"ae2:formation_plane":1,"sophisticatedbackpacks:compacting_upgrade":1,"minecraft:honey_block":1,"mekanism:block_fluorite":1921,"create:basin":1,"mysticalagradditions:dragon_egg_chunk":58,"silentgear:sword_blueprint":1,"create:gantry_carriage":1,"minecraft:glistering_melon_slice":3,"ae2:inscriber":2,"silentgear:starlight_charger":1,"minecraft:magma_cream":1,"productivebees:glowstone_nest":1,"refinedstorage:256k_fluid_storage_part":1,"xycraft_machines:stake":1,"powah:ender_cell_niotic":1,"thermal:machine_refinery":1,"mysticalagriculture:prudentium_essence":2388,"constructionwand:infinity_wand":1,"biggerreactors:reactor_redstone_port":1,"create:andesite_alloy":256,"elevatorid:elevator_white":3,"rftoolsbase:infused_diamond":9,"alltheores:zinc_ore":61,"powah:thermo_generator_spirited":5,"pipez:energy_pipe":16,"alltheores:aluminum_nugget":72,"torchmaster:frozen_pearl":1,"mekanism:basic_infusing_factory":2,"ae2:cell_workbench":1,"draconicevolution:draconium_block":76,"framedblocks:framed_panel":201,"industrialforegoing:machine_frame_pity":1,"minecraft:dirt":8832,"ae2:silicon":0,"minecraft:copper_ore":2,"mekanism:chemical_crystallizer":5,"create:sticky_mechanical_piston":1,"thermal:fluid_tank_augment":1,"projecte:interdiction_torch":1,"ironfurnaces:vibranium_furnace":2,"forcecraft:force_gear":4,"silentgear:shears_blueprint":1,"thermal:area_radius_augment":1,"mekanism:upgrade_speed":16,"mekanism:mekasuit_boots":1,"silentgear:blaze_gold_dust":2,"mekanism:hazmat_pants":1,"ae2:fluix_block":1,"pipez:filter_destination_tool":1,"sophisticatedbackpacks:pickup_upgrade":3,"enderio:vibrant_alloy_nugget":9,"powah:aerial_pearl":6,"powah:energy_cable_blazing":12,"thermal:dynamo_disenchantment":1,"mekanism:enrichment_chamber":9,"refinedstorage:regulator_upgrade":1,"create:linear_chassis":3,"create:mechanical_crafter":51,"draconicevolution:basic_relay_crystal":12,"sophisticatedbackpacks:smoking_upgrade":1,"mekanism:advanced_control_circuit":64,"minecraft:stonecutter":1,"ae2:quartz_vibrant_glass":30,"minecraft:anvil":4,"alltheores:iron_dust":2704,"mysticalagriculture:soulium_spawner":1,"thermal:xp_storage_augment":1,"mekanism:ultimate_thermodynamic_conductor":8,"silentgear:hammer":1,"create:mechanical_drill":1,"powah:energy_hopper_niotic":1,"minecraft:andesite":19,"cookingforblockheads:sink":15,"thermal:rf_coil":1,"thermal:rubber":5,"thermal:dynamo_stirling":1,"silentgear:binding_blueprint":1,"minecraft:diamond_chestplate":3,"immersiveengineering:craftingtable":1,"allthecompressed:cobblestone_4x":15,"rftoolsutility:module_template":1,"gateways:gate_pearl":2,"productivebees:obsidian_nest":1,"thermal:saw_blade":2,"mekanism:configurator":2,"ae2:quantum_link":1,"powah:energy_discharger_niotic":1,"fluxnetworks:flux_plug":1,"ae2:fuzzy_card":1,"projecte:swiftwolf_rending_gale":2,"sophisticatedbackpacks:magnet_upgrade":2,"projecte:alchemical_chest":1,"waystones:waystone":4,"alltheores:silver_ore":1,"minecraft:slime_block":1,"thermal:device_water_gen":1,"minecraft:lever":2,"sophisticatedbackpacks:crafting_upgrade":1,"refinedstorage:storage_monitor":1,"sophisticatedstorage:stack_upgrade_tier_1":2,"minecraft:bookshelf":4,"refinedstorage:64k_storage_part":1,"sophisticatedstorage:stack_upgrade_tier_3":2,"allthemodium:allthemodium_block":2,"immersiveengineering:workbench":1,"biggerreactors:reactor_casing":68,"minecraft:iron_bars":592,"create:radial_chassis":3,"mekanism:chemical_washer":1,"mysticalagriculture:supremium_farmland":3,"powah:ender_cell_basic":1,"minecraft:quartz_block":14,"minecraft:glass":0,"mekanism:mekasuit_pants":1,"minecraft:repeater":47,"minecraft:diamond_leggings":2,"create:mechanical_press":1,"thermal:cinnabar_block":2,"minecraft:polished_blackstone":80,"allthecompressed:sand_1x":388,"minecraft:end_stone":24,"extrastorage:iron_crafter":1,"powah:capacitor_nitro":1,"mysticalagriculture:machine_frame":2,"industrialforegoing:laser_lens10":1,"biggerreactors:cyanite_dust":4,"powah:thermoelectric_plate":67,"functionalstorage:puller_upgrade":1,"ae2:item_storage_cell_64k":1,"mekanism:ultimate_pressurized_tube":56,"minecraft:glass_bottle":3999,"framedblocks:framed_horizontal_pane":4,"minecraft:wooden_shovel":1,"enderio:basic_capacitor":22,"alltheores:uranium_block":1,"ae2:fluix_dust":87,"powah:blazing_crystal_block":5,"powah:energizing_rod_niotic":3,"refinedstorage:storage_housing":2,"rsinfinitybooster:infinity_card":1,"minecraft:gravel":9,"create:adjustable_chain_gearshift":6,"xycraft_machines:port_fluid":4,"silentgear:pickaxe_blueprint":1,"productivebees:nether_brick_nest":1,"immersiveengineering:slab_treated_wood_horizontal":6,"biggerreactors:reactor_power_tap":1,"minecraft:clock":1,"minecraft:copper_ingot":0,"productivebees:sand_nest":1,"draconicevolution:large_chaos_frag":45,"reliquary:hammer_assembly":1,"minecraft:campfire":4,"productivebees:incubator":1,"alltheores:signalum_plate":2,"mekanism:upgrade_stone_generator":1,"powah:energy_discharger_nitro":1,"silentgear:very_crude_repair_kit":1,"mekanism:advanced_pressurized_tube":56,"productivetrees:stripper":2,"rftoolsutility:syringe":1,"mekanism:solar_neutron_activator":2,"create:encased_fan":1,"sophisticatedbackpacks:refill_upgrade":1,"create:andesite_tunnel":2,"powah:magmator_spirited":1,"exdeorum:flint_mesh":2,"thermal:dynamo_gourmand":1,"minecraft:compass":1,"thermal:potion_duration_augment":1,"productivebees:expansion_box_oak":93,"xycraft_machines:port_item":6,"minecraft:iron_block":224,"silentgear:paxel_blueprint":1,"exdeorum:compressed_diamond_hammer":2,"minecraft:gold_ingot":10,"refinedstorage:importer":1,"create:propeller":13,"silentgear:upgrade_base":4,"mekanism:osmium_compressor":1,"draconicevolution:wyvern_core":41,"buildinggadgets2:gadget_copy_paste":1,"croptopia:knife":1,"minecraft:elytra":1,"minecraft:fire_charge":6,"powah:capacitor_blazing":20,"xycraft_machines:item_io":1,"powah:capacitor_basic_tiny":82,"ars_nouveau:arcane_pedestal":9,"projecte:arcana_ring":1,"mekanism:basic_logistical_transporter":16,"mekanism:advanced_universal_cable":192,"minecraft:packed_ice":12,"powah:furnator_hardened":1,"minecraft:honeycomb":18,"powah:energy_hopper_hardened":1,"cookingforblockheads:cooking_table":1,"fluxnetworks:flux_controller":1,"powah:furnator_nitro":1,"powah:magmator_nitro":1,"silentgear:pickaxe":1,"enderio:vibrant_capacitor_bank":1,"pickletweaks:emerald_sword":1,"powah:battery_nitro":2,"draconicevolution:awakened_draconium_nugget":693,"powah:dielectric_casing":42,"xycraft_machines:collector":1,"minecraft:stone_shovel":1,"ae2:annihilation_plane":1,"mekanism:elite_smelting_factory":2,"create:white_sail":2,"ironfurnaces:netherite_furnace":1,"mysticalagriculture:water_agglomeratio":4,"thermal:charge_bench":1,"draconicevolution:basic_crafting_injector":20,"sophisticatedbackpacks:inception_upgrade":1,"productivebees:snow_nest":2,"draconicevolution:item_draconium_aoe":2,"ae2:fluix_crystal":102,"ironjetpacks:basic_coil":19,"allthecompressed:cobblestone_1x":10977,"alltheores:copper_gear":64,"powah:ender_gate_hardened":4,"minecraft:white_carpet":3,"silentgear:crimson_steel_block":4,"mekanism:elite_crushing_factory":3,"thermal:rf_coil_storage_augment":1,"mekanism:basic_pressurized_tube":56,"allthecompressed:gravel_1x":654,"alltheores:copper_ore_hammer":15,"refinedstorage:crafting_monitor":1,"exdeorum:crushed_end_stone":13,"alltheores:uranium_ingot":460,"minecraft:wither_skeleton_skull":4,"expatternprovider:ex_pattern_provider_part":6,"cookingforblockheads:milk_jar":1,"allthecompressed:soul_sand_1x":79,"extrastorage:netherite_crafter":1,"powah:reactor_basic":40,"silentgear:machete_blueprint":1,"farmersdelight:rice":1,"minecraft:diamond_boots":3,"advgenerators:power_capacitor_tier3":1,"silentgear:arrow_blueprint":1,"thermal:device_potion_diffuser":1,"immersiveengineering:treated_fence":3,"sophisticatedbackpacks:advanced_deposit_upgrade":1,"silentgear:emerald_shard":126,"productivebees:soul_sand_nest":2,"thermal:dynamo_compression":1,"alltheores:steel_ingot":0,"minecraft:redstone_block":849,"create:hose_pulley":1,"rftoolsutility:moduleplus_template":1,"create:electron_tube":23,"powah:reactor_spirited":36,"xycraft_machines:void_container":1,"exdeorum:iron_mesh":1,"ae2:cable_interface":1,"refinedstorage:portable_grid":1,"minecraft:wheat":9,"ironfurnaces:augment_smoking":1,"powah:dielectric_paste":840,"rftoolsbase:filter_module":1,"minecraft:daylight_detector":1,"summoningrituals:altar":2,"alltheores:osmium_ingot":0,"angelring:angel_ring":1,"exdeorum:diamond_hammer":17,"powah:magmator_hardened":1,"extrastorage:diamond_crafter":1,"silentgear:chestplate_blueprint":1,"create:brass_tunnel":2,"xycraft_machines:fabricator":1,"thermal:flux_drill":1,"powah:ender_gate_nitro":4,"alltheores:invar_ingot":6,"productivebees:centrifuge":2,"mekanism:ultimate_control_circuit":20,"powah:solar_panel_starter":6,"refinedstorage:wireless_transmitter":1,"ae2:wireless_receiver":1,"allthecompressed:netherrack_1x":35,"silentgear:rod_blueprint":1,"sophisticatedbackpacks:restock_upgrade":1,"exdeorum:compressed_stone_hammer":1,"alltheores:iron_plate":172,"industrialforegoing:mob_imprisonment_tool":6,"xycraft_machines:soaryn_box":4,"silentgear:bracelet_blueprint":1,"projecte:klein_star_sphere":1,"mekanism:ultimate_enriching_factory":3,"minecraft:glowstone":6,"alltheores:lead_block":1,"minecraft:green_stained_glass_pane":8,"functionalstorage:ender_drawer":1,"exdeorum:crook":4,"silentgear:leggings_blueprint":1,"minecraft:oak_log":7792,"functionalstorage:diamond_upgrade":1,"minecraft:golden_apple":2,"minecraft:cobblestone":1940,"advgenerators:power_capacitor_tier1":1,"integrateddynamics:cable":18,"sophisticatedbackpacks:stonecutter_upgrade":1,"thermal:rf_coil_xfer_augment":1,"minecraft:blackstone":524,"ae2:growth_accelerator":1,"allthecompressed:blackstone_1x":58,"pneumaticcraft:ender_visor_upgrade":1,"silentgear:azure_silver_ingot":300,"silentgear:blazing_dust":4,"ae2:interface":1,"thermal:machine_efficiency_augment":1,"mekanism:advanced_infusing_factory":2,"refinedstorage:stack_upgrade":1,"silentgear:glittery_dust":8,"mekanism:free_runners":1,"minecraft:oak_planks":1505,"pipez:universal_pipe":6,"powah:furnator_starter":1,"powah:reactor_starter":40,"silentgear:bow_blueprint":1,"powah:ender_cell_blazing":1,"mekanismgenerators:gas_burning_generator":1,"alltheores:iron_ore_hammer":5,"mekanism:atomic_disassembler":1,"thermal:device_collector":1,"minecraft:sand":25,"mekanism:advanced_enriching_factory":3,"ae2things:disk_drive_1k":1,"immersiveengineering:manual":2,"forbidden_arcanus:deorum_block":1,"create:mechanical_harvester":1,"alltheores:uranium_ore":3,"immersiveengineering:steel_scaffolding_standard":12,"cookingforblockheads:fridge":2,"sophisticatedbackpacks:void_upgrade":1,"productivebees:spawn_egg_bumble_bee":2,"silentgear:glowing_dust":4,"mysticalagriculture:prosperity_seed_base":14,"minecraft:hopper":1,"biggerreactors:turbine_glass":1,"integratedtunnels:part_interface_item":4,"angelring:diamond_ring":1,"thermal:machine_pyrolyzer":1,"alltheores:silver_ingot":0,"draconicevolution:item_draconic_proj_grav_comp":1,"powah:furnator_spirited":1,"mekanism:isotopic_centrifuge":3,"refinedstorage:4k_storage_part":1,"tombstone:grave_key":29,"projecte:harvest_goddess_band":1,"mekanism:ultimate_infusing_factory":2,"enderio:basic_capacitor_bank":4,"silentgear:azure_electrum_block":4,"ironfurnaces:silver_furnace":1,"biggerreactors:reactor_fuel_rod":1,"mysticalagriculture:tertium_essence":596,"thermal:machine_pulverizer":8,"create:spout":1,"mysticalagriculture:soul_extractor":1,"powah:ender_gate_blazing":4,"powah:energizing_rod_basic":2,"minecraft:netherite_upgrade_smithing_template":8,"ars_nouveau:enchanting_apparatus":1,"mekanism:elite_control_circuit":46,"exdeorum:stone_hammer":10,"exdeorum:sculk_core":1,"mysticalagradditions:insanium_essence":4,"silentgear:blueprint_book":1,"minecraft:golden_sword":1,"silentgear:shovel_blueprint":1,"minecraft:smoker":2,"framedblocks:framed_wall_board":4,"forbidden_arcanus:ender_pearl_fragment":4,"sophisticatedstorage:diamond_chest":10,"xycraft_machines:ignition_plate":1,"thermal:fluid_cell":1,"minecraft:oak_slab":78,"refinedstorage:fortune_2_upgrade":2,"ars_nouveau:arcane_core":1,"ironjetpacks:jetpack":4,"sophisticatedbackpacks:backpack":1,"sophisticatedbackpacks:battery_upgrade":1,"mekanism:chemical_infuser":4,"supplementaries:jar":1,"xycraft_machines:water_block":2,"minecraft:crafting_table":69,"powah:capacitor_niotic":16,"powah:energy_hopper_nitro":1,"powah:energy_hopper_spirited":1,"minecraft:gold_ore":1,"minecraft:wooden_pickaxe":1,"ironfurnaces:unobtainium_furnace":2,"silentgear:blaze_gold_ingot":129,"create:weighted_ejector":1,"draconicevolution:item_wyvern_auto_fire":1,"productivebees:bee_nest_diamond_helmet":1,"immersiveengineering:cokebrick":27,"create:sand_paper":1,"sophisticatedbackpacks:feeding_upgrade":3,"industrialforegoing:infinity_charger":1,"minecraft:gold_block":15,"cookingforblockheads:counter":2,"mekanism:purification_chamber":1,"powah:reactor_niotic":36,"refinedstorage:crafting_upgrade":1,"minecraft:brewing_stand":11,"minecraft:diorite":19,"silentgear:katana_blueprint":1,"rftoolsstorage:storage_module0":1,"rftoolsutility:crafter2":1,"exdeorum:oak_crucible":2,"allthetweaks:nether_star_block":1,"minecraft:string":6,"minecraft:book":34,"minecraft:paper":755,"minecraft:charcoal":1,"minecraft:diamond_pickaxe":2,"mekanism:steel_casing":9,"powah:capacitor_hardened":12,"alltheores:nickel_gear":2,"powah:ender_cell_hardened":1,"rftoolsstorage:modular_storage":1,"rftoolsutility:crafter3":1,"alltheores:silver_gear":3,"projecte:klein_star_ein":135,"thermal:item_filter_augment":1,"mekanism:resistive_heater":4,"immersiveengineering:stick_treated":8,"minecraft:redstone_torch":3,"ae2:inverter_card":1,"mekanism:quantum_entangloporter":1,"mekanism:elite_pressurized_tube":56,"enderio:vibrant_crystal":1,"sophisticatedbackpacks:filter_upgrade":1,"framedblocks:framed_trapdoor":1,"refinedstorage:pattern":2,"minecraft:shears":91,"powah:energy_hopper_basic":1,"sophisticatedbackpacks:advanced_pickup_upgrade":1,"mekanism:ultimate_compressing_factory":2,"rftoolsstorage:storage_module1":1,"mysticalagriculture:honey_agglomeratio":4,"minecraft:coarse_dirt":12,"ae2:certus_quartz_crystal":2832,"minecraft:wooden_sword":6,"powah:energizing_rod_blazing":3,"thermal:obsidian_glass":2,"minecraft:redstone":4128,"minecraft:coal":1464,"megacells:mega_crafting_monitor":1,"thermal:tinker_bench":1,"draconicevolution:crafting_core":1,"rftoolsbase:machine_frame":1,"ironfurnaces:gold_furnace":1,"allthecompressed:cobblestone_5x":1,"refinedstorage:16k_storage_part":1,"silentgear:rod":196,"ae2:equal_distribution_card":1,"silentgear:crimson_steel_ingot":62,"mekanism:pressurized_reaction_chamber":6,"sophisticatedbackpacks:advanced_magnet_upgrade":1,"silentgear:crimson_iron_ingot":240,"powah:energizing_rod_spirited":3,"powah:ender_gate_niotic":4,"functionalstorage:collector_upgrade":1,"minecraft:stone_button":1,"mekanism:energized_smelter":2,"powah:ender_gate_starter":4,"biggerreactors:turbine_casing":12,"cookingforblockheads:crafting_book":1,"powah:thermo_generator_hardened":5,"immersiveengineering:sheetmetal_steel":4,"minecraft:diamond_block":75,"supplementaries:globe":1,"xycraft_machines:planter":1,"mekanism:chemical_oxidizer":3,"minecraft:glass_pane":704,"forbidden_arcanus:dark_nether_star":5,"mysticalagriculture:inferium_essence":4,"projecte:white_alchemical_bag":1,"mekanism:teleporter_frame":9,"xycraft_machines:fluid_void":1,"minecraft:leather":1,"minecraft:polished_deepslate":256,"refinedstorage:filter":1,"angelring:energetic_angel_ring":1,"minecraft:iron_axe":1,"immersiveengineering:wirecutter":1,"productivebees:nether_gold_nest":1,"projecte:ignition_ring":1,"create:fluid_tank":1,"darkutils:charm_portal":1,"ae2:engineering_processor_press":1,"mekanism:personal_chest":2,"projecte:klein_star_vier":11,"immersiveengineering:component_iron":21,"functionalstorage:pusher_upgrade":1,"draconicevolution:item_wyvern_aoe":1,"biggerreactors:reactor_computer_port":1,"productivebees:slimy_nest":1,"draconicevolution:awakened_draconium_ingot":86,"alltheores:tin_nugget":9,"powah:dielectric_rod_horizontal":84,"minecraft:observer":1,"refinedstorage:1k_storage_part":1,"sophisticatedbackpacks:iron_backpack":2,"minecraft:cooked_beef":1,"minecraft:red_dye":1,"minecraft:sugar":266,"ae2:level_emitter":1,"exdeorum:compressed_crushed_end_stone":13,"pickletweaks:emerald_pickaxe":1,"extrastorage:gold_crafter":1,"powah:battery_blazing":2,"exdeorum:stone_barrel":4,"minecraft:dragon_egg":19,"minecraft:diamond_sword":3,"trashcans:liquid_trash_can":1,"mekanism:metallurgic_infuser":1,"silentgear:fletching_blueprint":1,"powah:energizing_orb":1,"darkutils:vector_plate_ultra":4,"framedblocks:framed_door":9,"pickletweaks:flint_shears":1,"minecraft:bowl":4,"minecraft:nether_bricks":2,"silentgear:lining_blueprint":1,"trashcans:energy_trash_can":1,"productivebees:gene_indexer":1,"advgenerators:power_capacitor_tier2":1,"mysticalagriculture:imperium_farmland":26,"productivebees:advanced_oak_beehive":66,"minecraft:bucket":109,"minecraft:stone_axe":1,"xycraft_machines:hydro_pump":1,"minecraft:air":796,"mekanism:basic_thermodynamic_conductor":8,"refinedstorage:fluid_grid":1,"minecraft:black_stained_glass":8,"minecraft:blue_dye":6,"powah:dielectric_rod":112,"silentgear:material_grader":1,"projecte:alchemical_coal":9793,"powah:thermo_generator_basic":5,"projecte:klein_star_zwei":153,"minecraft:white_wool":25,"thermal:machine_bottler":1,"mekanism:basic_energy_cube":1,"powah:battery_starter":2,"powah:thermo_generator_niotic":5,"minecraft:gold_nugget":315,"pickletweaks:reinforced_night_vision_goggles":3,"thermal:machine_null_augment":1,"darkutils:charm_sleep":1,"mekanism:upgrade_energy":23,"powah:binding_card":2,"forbidden_arcanus:aurum_sapling":7,"silentgear:excavator_blueprint":1,"projecte:iron_band":5,"silentgear:crossbow_blueprint":1,"powah:ender_gate_basic":4,"allthecompressed:cobblestone_2x":1252,"mekanism:qio_dashboard":1,"refinedstorage:disk_manipulator":1,"enderio:double_layer_capacitor":1,"sophisticatedstorage:stack_upgrade_tier_2":2,"powah:ender_cell_starter":2,"silentgear:diamond_shard":63,"minecraft:end_crystal":16,"draconicevolution:draconium_core":278,"biggerreactors:cyanite_reprocessor":1,"fluxnetworks:flux_block":6,"darkutils:tome_enchanting":1,"minecraft:clay":1,"minecraft:lapis_block":4}},"DataVersion":3465}